user_id,total_listens,last_listen,content_variety_score,listening_time_of_day,sessions,returned_within_7_days,listening_days,days_since_last_session,replay_count,creator_followed,engagement_depth,total_plays,age,gender,country,completion_rate,skip_rate,replay_rate,avg_session_duration,episode_duration_minutes,content_type,genre,next_episode_played,liked_content,shared_content,commented,is_premium_content,subscription_status,ad_completion_rate,peak_hour_activity,returned_within_3_days,engaged,engagement_intensity,skip_completion_gap,recency_risk_score,high_skip_user,low_completion_user,listen_completion_ratio,is_power_listener,content_affinity_score,time_of_day_encoded
user_000001,16685,2009-05-04 00:00:00+00:00,657,afternoon,26.824758842443728,1,622,466,3,1,4,53614,,m,Japan,1.0,0.0,0.6,109.01446945337621,30,music,music,1,1,1,1,0,free,,0,1,1,6.26185621718151,-1.0,6.1463292576688975,0,0,30.0,1,1.2,1
user_000002,57438,2009-04-28 00:00:00+00:00,1283,afternoon,63.257709251101325,1,908,472,0,0,1,2831,,f,Peru,1.0,0.0,0.0,140.0,30,music,music,1,1,0,0,0,free,,0,1,1,18.72321204049511,-1.0,6.159095388491933,0,0,30.0,0,1.2,1
user_000004,6383,2009-04-30 00:00:00+00:00,995,night,34.13368983957219,1,187,470,0,0,1,782,,f,,0.9212744373169274,0.0,0.0,121.78764401436977,30,music,music,1,1,0,0,0,free,,1,1,1,8.826033263436791,-0.9212744373169274,6.154858094016418,0,0,27.63823311950782,0,1.1527646623901564,3
user_000005,20341,2009-05-04 00:00:00+00:00,1081,evening,31.982704402515722,1,636,466,0,0,1,207,,m,Bulgaria,0.8354608207986667,0.04453917920133332,0.0,113.4513041590786,30,music,music,1,1,0,0,0,free,,1,1,1,7.769763436830222,-0.7909216415973334,6.420081717906609,0,0,25.063824623960002,0,1.1012764924792,2
user_000006,29021,2009-05-03 00:00:00+00:00,1686,evening,35.872682323856615,1,809,467,3,1,3,13234,24.0,,Russian Federation,1.0,0.0,0.6,128.91990111248458,30,music,music,1,1,1,0,0,free,,1,1,1,9.881843285964036,-1.0,6.148468295917647,0,0,30.0,1,1.2,2
user_000008,36156,2009-04-29 00:00:00+00:00,157,night,306.40677966101697,1,118,471,0,0,1,1804,23.0,m,Slovakia,1.0,0.0,0.0,140.0,30,music,music,1,1,0,0,0,free,,1,1,1,90.88336684860673,-1.0,6.156978985585555,0,0,30.0,0,1.2,3
user_000009,5233,2009-05-04 00:00:00+00:00,588,night,13.55699481865285,1,386,466,0,0,1,2315,19.0,f,United States,0.8574597950400259,0.02254020495997411,0.0,73.83869999271735,30,music,music,1,1,0,0,0,free,,1,1,1,2.1435350604225514,-0.8349195900800518,6.28486877888824,0,0,25.723793851200778,0,1.1144758770240155,3
user_000010,6574,2009-05-04 00:00:00+00:00,441,afternoon,28.458874458874458,1,231,466,0,0,1,455,19.0,m,Poland,0.857490351276538,0.02250964872346195,0.0,106.62411856313841,30,music,music,1,1,0,0,0,free,,0,1,1,6.497649688386513,-0.8349807025530761,6.284680970197761,0,0,25.72471053829614,0,1.1144942107659228,1
user_000012,69943,2009-04-29 00:00:00+00:00,2777,night,67.18828049951969,1,1041,471,3,0,2,21300,28.0,f,United States,1.0,0.0,0.6,140.0,30,music,music,1,1,1,0,0,free,,1,1,1,19.92872726680669,-1.0,6.156978985585555,0,0,30.0,1,1.2,3
user_000014,354,2009-05-01 00:00:00+00:00,111,evening,12.206896551724139,1,29,469,3,1,4,50502,,,,1.0,0.0,0.6,76.8551724137931,30,music,music,1,1,1,1,0,free,,1,1,1,1.9960917853619045,-1.0,6.152732694704104,0,0,30.0,1,1.2,2
user_000018,11714,2009-04-28 00:00:00+00:00,165,evening,32.269972451790636,1,363,472,3,0,2,12863,22.0,,United Kingdom,1.0,0.0,0.6,120.9939393939394,30,music,music,1,1,1,0,0,free,,1,1,1,8.254695752803489,-1.0,6.159095388491933,0,0,30.0,1,1.2,2
user_000019,17542,2009-03-19 00:00:00+00:00,857,evening,40.7953488372093,1,430,512,3,1,4,37557,29.0,f,Mexico,1.0,0.0,0.6,139.74976744186046,30,music,music,1,1,1,1,0,free,,1,1,1,11.113334332767197,-1.0,6.240275845170769,0,0,30.0,1,1.2,2
user_000020,4668,2009-03-18 00:00:00+00:00,623,afternoon,24.829787234042552,1,188,513,3,0,1,10731,27.0,f,Germany,1.0,0.0,0.6,104.62553191489363,30,music,music,1,1,0,0,0,free,,0,1,1,5.054143378784704,-1.0,6.2422232654551655,0,0,30.0,1,1.2,1
user_000021,70446,2009-06-19 00:00:00+00:00,762,evening,54.907248636009356,1,1283,420,0,0,1,4841,27.0,m,Canada,1.0,0.0,0.0,140.0,30,music,music,1,1,0,0,0,free,,1,1,1,18.258942539290523,-1.0,6.042632833682381,0,0,30.0,0,1.2,2
user_000022,14902,2009-04-29 00:00:00+00:00,1316,evening,57.98443579766537,1,257,471,0,0,1,4374,38.0,m,United Kingdom,1.0,0.0,0.0,140.0,30,music,music,1,1,0,0,0,free,,1,1,1,17.198773329816,-1.0,6.156978985585555,0,0,30.0,0,1.2,2
user_000023,42010,2009-05-03 00:00:00+00:00,229,afternoon,84.18837675350701,1,499,467,0,0,1,1198,,f,Germany,1.0,0.0,0.0,140.0,30,music,music,1,1,0,0,0,free,,0,1,1,25.184557148485005,-1.0,6.148468295917647,0,0,30.0,0,1.2,1
user_000024,19196,2009-05-03 00:00:00+00:00,1782,night,68.31316725978648,1,281,467,0,0,1,4606,25.0,f,United States,1.0,0.0,0.0,140.0,30,music,music,1,1,0,0,0,free,,1,1,1,20.435562855491682,-1.0,6.148468295917647,0,0,30.0,0,1.2,3
user_000025,2222,2009-04-22 00:00:00+00:00,354,afternoon,35.83870967741935,1,62,478,0,0,1,2721,19.0,,Sweden,1.0,0.0,0.0,128.84516129032258,30,music,music,1,1,0,0,0,free,,0,1,1,9.640176051824929,-1.0,6.171700597410915,0,0,30.0,0,1.2,1
user_000026,45308,2009-06-17 00:00:00+00:00,610,evening,81.78339350180505,1,554,422,0,0,1,1574,22.0,m,Turkey,1.0,0.0,0.0,140.0,30,music,music,1,1,0,0,0,free,,1,1,1,27.06778981147212,-1.0,6.0473721790462776,0,0,30.0,0,1.2,2
user_000028,13284,2009-04-29 00:00:00+00:00,650,evening,24.969924812030076,1,532,471,0,1,2,6872,20.0,m,United Kingdom,0.9857641272838689,0.0,0.0,104.33592793238867,30,music,music,1,1,0,0,0,free,,1,1,1,5.519619228104097,-0.9857641272838689,6.156978985585555,0,0,29.572923818516067,0,1.1914584763703213,2
user_000029,781,2009-04-26 00:00:00+00:00,41,evening,32.541666666666664,1,24,474,0,0,1,1511,,m,United States,0.9479153706206711,0.0,0.0,119.40411223273486,30,music,music,1,1,0,0,0,free,,1,1,1,8.180229092435606,-0.9479153706206711,6.163314804034641,0,0,28.437461118620135,0,1.1687492223724025,2
user_000030,17150,2009-04-30 00:00:00+00:00,396,night,52.76923076923077,1,325,470,3,1,2,9281,,,,1.0,0.0,0.6,140.0,30,music,music,1,1,0,0,0,free,,1,1,1,15.685121672382818,-1.0,6.154858094016418,0,0,30.0,1,1.2,3
user_000031,36315,2009-05-01 00:00:00+00:00,5002,night,79.81318681318682,1,455,469,0,0,1,1774,38.0,,United States,1.0,0.0,0.0,140.0,30,music,music,1,1,0,0,0,free,,1,1,1,23.77414075286416,-1.0,6.152732694704104,0,0,30.0,0,1.2,3
user_000032,5486,2009-05-01 00:00:00+00:00,87,night,18.347826086956523,1,299,469,0,0,1,110,23.0,m,Italy,0.7191111175939174,0.16088888240608257,0.0,78.56788433024889,30,music,music,1,1,0,0,0,free,,1,1,1,3.0671273993862194,-0.5582222351878349,7.142638981698412,0,0,21.573333527817525,0,1.0314666705563504,3
user_000033,91410,2009-05-03 00:00:00+00:00,799,night,104.9483352468427,1,871,467,0,0,1,309,20.0,f,Poland,1.0,0.0,0.0,140.0,30,music,music,1,1,0,0,0,free,,1,1,1,31.3948011422179,-1.0,6.148468295917647,0,0,30.0,0,1.2,3
user_000038,14373,2009-05-04 00:00:00+00:00,347,night,28.919517102615693,1,497,466,3,0,2,14037,29.0,m,Russian Federation,1.0,0.0,0.6,113.62293762575453,30,music,music,1,1,1,0,0,free,,1,1,1,7.036232308174399,-1.0,6.1463292576688975,0,0,30.0,1,1.2,3
user_000039,13999,2009-04-30 00:00:00+00:00,289,afternoon,46.50830564784053,1,301,470,0,0,1,4959,21.0,m,United Kingdom,1.0,0.0,0.0,140.0,30,music,music,1,1,0,0,0,free,,0,1,1,13.82412482101417,-1.0,6.154858094016418,0,0,30.0,0,1.2,1
user_000041,8281,2009-05-21 00:00:00+00:00,1751,night,17.288100208768267,1,479,449,0,0,1,1251,30.0,m,Sweden,0.8460159665939121,0.03398403340608791,0.0,81.5664910562345,30,music,music,1,1,0,0,0,free,,1,1,1,3.133621491239517,-0.8120319331878242,6.316864456703091,0,0,25.380478997817363,0,1.1076095799563472,3
user_000048,647,2009-06-18 00:00:00+00:00,136,afternoon,38.05882352941177,1,17,421,0,1,2,6298,33.0,m,Italy,1.0,0.0,0.0,133.7294117647059,30,music,music,1,1,0,0,0,free,,0,1,1,12.060625789206124,-1.0,6.045005314036012,0,0,30.0,0,1.2,1
user_000049,582,2009-03-01 00:00:00+00:00,240,evening,6.258064516129032,1,93,530,3,1,4,49880,,,,0.982505136720741,0.0,0.6,63.03295767775499,30,music,music,1,1,1,1,0,free,,1,1,1,0.742870651204937,-0.982505136720741,6.274762021241939,0,0,29.47515410162223,1,1.1895030820324446,2
user_000051,10538,2009-05-01 00:00:00+00:00,373,evening,45.422413793103445,1,232,469,0,0,1,564,25.0,f,Brazil,0.9710598979716749,0.0,0.0,140.0,30,music,music,1,1,0,0,0,free,,1,1,1,13.530080704328684,-0.9710598979716749,6.152732694704104,0,0,29.13179693915025,0,1.182635938783005,2
user_000053,15492,2009-04-22 00:00:00+00:00,4463,night,23.26126126126126,1,666,478,0,0,1,3840,29.0,m,Germany,0.9435094091265923,0.0,0.0,98.80216995809165,30,music,music,1,1,0,0,0,free,,1,1,1,4.798044026252001,-0.9435094091265923,6.171700597410915,0,0,28.30528227379777,0,1.1661056454759553,3
user_000054,84508,2009-06-18 00:00:00+00:00,385,afternoon,79.12734082397004,1,1068,421,0,0,1,961,28.0,m,Brazil,1.0,0.0,0.0,140.0,30,music,music,1,1,0,0,0,free,,0,1,1,26.25077657667253,-1.0,6.045005314036012,0,0,30.0,0,1.2,1
user_000057,1120,2007-06-07 00:00:00+00:00,117,evening,62.22222222222222,1,18,1163,0,0,1,169,17.0,m,United Kingdom,1.0,0.0,0.0,140.0,30,music,music,1,1,0,0,0,free,,1,1,1,7.483772432226041,-1.0,7.059617628291383,0,0,30.0,0,1.2,2
user_000060,24513,2009-01-26 00:00:00+00:00,2189,night,48.54059405940594,1,505,564,3,1,3,15017,22.0,f,United States,1.0,0.0,0.6,140.0,30,music,music,1,1,1,0,0,free,,1,1,1,12.027757820029791,-1.0,6.336825731146441,0,0,30.0,1,1.2,3
user_000064,8386,2009-04-28 00:00:00+00:00,567,afternoon,48.195402298850574,1,174,472,3,1,3,19570,21.0,m,Finland,1.0,0.0,0.6,140.0,30,music,music,1,1,1,0,0,free,,0,1,1,14.265023936234842,-1.0,6.159095388491933,0,0,30.0,1,1.2,1
user_000066,1109,2009-03-27 00:00:00+00:00,269,evening,11.316326530612244,1,98,504,3,0,2,15663,20.0,f,United States,0.9491495792460395,0.0,0.6,72.7602006956806,30,music,music,1,1,1,0,0,free,,1,1,1,1.6304518604063403,-0.9491495792460395,6.22455842927536,0,0,28.474487377381184,1,1.1694897475476236,2
user_000067,51377,2009-05-01 00:00:00+00:00,3307,evening,48.06080449017774,1,1069,469,3,0,2,17233,36.0,m,Canada,1.0,0.0,0.6,140.0,30,music,music,1,1,1,0,0,free,,1,1,1,14.315984316223156,-1.0,6.152732694704104,0,0,30.0,1,1.2,2
user_000068,15232,2009-04-30 00:00:00+00:00,518,afternoon,220.7536231884058,1,69,470,3,1,3,15021,,,,1.0,0.0,0.6,140.0,30,music,music,1,1,1,0,0,free,,0,1,1,65.61678820886796,-1.0,6.154858094016418,0,0,30.0,1,1.2,1
user_000069,37921,2009-04-30 00:00:00+00:00,479,night,40.863146551724135,1,928,470,0,0,1,2227,23.0,m,United States,1.0,0.0,0.0,139.89892241379312,30,music,music,1,1,0,0,0,free,,1,1,1,12.13738889389196,-1.0,6.154858094016418,0,0,30.0,0,1.2,3
user_000070,2947,2009-05-03 00:00:00+00:00,82,morning,23.959349593495936,1,123,467,0,0,1,845,,f,Sweden,0.8644846623393179,0.015515337660682138,0.0,97.01892492394242,30,music,music,1,1,0,0,0,free,,0,1,1,4.966902434696308,-0.8489693246786357,6.243863857624809,0,0,25.934539870179535,0,1.1186907974035907,0
user_000071,3150,2009-04-21 00:00:00+00:00,216,evening,14.583333333333334,1,216,479,0,0,1,2370,7.0,m,Netherlands,0.8649086897335972,0.015091310266402758,0.0,76.40949830214441,30,music,music,1,1,0,0,0,free,,1,1,1,2.3214691324436236,-0.8498173794671945,6.266956625514327,0,0,25.947260692007916,0,1.1189452138401583,2
user_000072,21372,2009-05-04 00:00:00+00:00,1379,afternoon,30.357954545454547,1,704,466,0,0,1,3776,25.0,f,Armenia,0.9851654200219124,0.0,0.0,116.16444764092033,30,music,music,1,1,0,0,0,free,,0,1,1,7.5514240284387455,-0.9851654200219124,6.1463292576688975,0,0,29.554962600657372,0,1.1910992520131474,1
user_000074,57105,2009-06-18 00:00:00+00:00,2340,evening,62.34170305676856,1,916,421,3,0,2,16902,35.0,m,Turkey,1.0,0.0,0.6,140.0,30,music,music,1,1,1,0,0,free,,1,1,1,20.682081582814213,-1.0,6.045005314036012,0,0,30.0,1,1.2,2
user_000075,30618,2009-04-29 00:00:00+00:00,819,evening,44.18181818181818,1,693,471,3,0,1,9492,20.0,f,Romania,1.0,0.0,0.6,140.0,30,music,music,1,1,0,0,0,free,,1,1,1,13.10477657935285,-1.0,6.156978985585555,0,0,30.0,1,1.2,2
user_000077,449,2009-04-28 00:00:00+00:00,152,evening,40.81818181818182,1,11,472,3,0,1,11547,,,,1.0,0.0,0.6,139.8,30,music,music,1,1,0,0,0,free,,1,1,1,12.064232173745918,-1.0,6.159095388491933,0,0,30.0,1,1.2,2
user_000080,2124,2008-05-31 00:00:00+00:00,186,evening,66.375,1,32,804,3,0,1,10061,,,,1.0,0.0,0.6,140.0,30,music,music,1,1,0,0,0,free,,1,1,1,11.543478260869565,-1.0,6.690842277418564,0,0,30.0,1,1.2,2
user_000087,20612,2009-05-04 00:00:00+00:00,534,evening,46.52821670428894,1,443,466,0,0,1,1307,18.0,f,Poland,1.0,0.0,0.0,140.0,30,music,music,1,1,0,0,0,free,,1,1,1,13.94850179571831,-1.0,6.1463292576688975,0,0,30.0,0,1.2,2
user_000088,297,2009-06-17 00:00:00+00:00,129,afternoon,7.815789473684211,1,38,422,3,0,2,19303,25.0,m,Turkey,0.939638455243873,0.0,0.6,64.65955196234793,30,music,music,1,1,1,0,0,free,,0,1,1,1.1947173654857122,-0.939638455243873,6.0473721790462776,0,0,28.18915365731619,1,1.1637830731463237,1
user_000089,12,2009-04-30 00:00:00+00:00,8,afternoon,6.0,1,2,470,0,0,1,5899,27.0,f,United States,0.8635489196441596,0.01645108035584042,0.0,57.4690546250547,30,music,music,1,1,0,0,0,free,,0,1,1,0.7320898678350918,-0.8470978392883192,6.256112159099876,0,0,25.906467589324787,0,1.1181293517864959,1
user_000090,12558,2009-04-29 00:00:00+00:00,265,evening,28.093959731543624,1,447,471,0,0,1,5811,20.0,m,Sweden,0.9952861597472212,0.0,0.0,111.60873011877926,30,music,music,1,1,0,0,0,free,,1,1,1,6.643074511961239,-0.9952861597472212,6.156978985585555,0,0,29.858584792416636,0,1.1971716958483327,2
user_000092,7054,2009-06-18 00:00:00+00:00,810,afternoon,17.858227848101265,1,395,421,0,0,1,1414,30.0,m,Turkey,0.8561680316428611,0.023831968357138855,0.0,83.24715859482296,30,music,music,1,1,0,0,0,free,,0,1,1,3.522859540031683,-0.8323360632857223,6.189069689398854,0,0,25.685040949285835,0,1.1137008189857165,1
user_000093,13824,2009-04-30 00:00:00+00:00,652,evening,89.18709677419355,1,155,470,0,0,1,4806,20.0,m,United Kingdom,1.0,0.0,0.0,140.0,30,music,music,1,1,0,0,0,free,,1,1,1,26.509965070885556,-1.0,6.154858094016418,0,0,30.0,0,1.2,2
user_000095,46319,2009-04-29 00:00:00+00:00,1822,evening,76.81426202321725,1,603,471,0,0,1,4420,4.0,f,,1.0,0.0,0.0,140.0,30,music,music,1,1,0,0,0,free,,1,1,1,22.783891278072915,-1.0,6.156978985585555,0,0,30.0,0,1.2,2
user_000096,14189,2009-04-03 00:00:00+00:00,1499,morning,34.86240786240786,1,407,497,3,1,4,25682,25.0,f,Finland,1.0,0.0,0.6,126.69729729729731,30,music,music,1,1,1,1,0,free,,0,1,1,8.869423400488202,-1.0,6.210600077024653,0,0,30.0,1,1.2,0
user_000097,1593,2009-04-30 00:00:00+00:00,640,afternoon,41.921052631578945,1,38,470,3,1,4,29040,,m,United Kingdom,1.0,0.0,0.6,140.0,30,music,music,1,1,1,1,0,free,,0,1,1,12.460610124036204,-1.0,6.154858094016418,0,0,30.0,1,1.2,1
user_000098,300,2009-05-03 00:00:00+00:00,102,morning,50.0,1,6,467,0,0,1,4257,,f,New Zealand,1.0,0.0,0.0,140.0,30,music,music,1,1,0,0,0,free,,0,1,1,14.957264957264957,-1.0,6.148468295917647,0,0,30.0,0,1.2,0
user_000102,6702,2009-05-04 00:00:00+00:00,1098,evening,38.96511627906977,1,172,466,3,1,3,20630,,m,United States,1.0,0.0,0.6,135.7232558139535,30,music,music,1,1,1,0,0,free,,1,1,1,11.324352129688714,-1.0,6.1463292576688975,0,0,30.0,1,1.2,2
user_000103,8021,2009-04-28 00:00:00+00:00,429,evening,30.154135338345863,1,266,472,3,1,4,28460,34.0,m,United Kingdom,1.0,0.0,0.6,116.3390977443609,30,music,music,1,1,1,1,0,free,,1,1,1,7.416712259037012,-1.0,6.159095388491933,0,0,30.0,1,1.2,2
user_000105,14331,2009-04-29 00:00:00+00:00,462,evening,21.779635258358663,1,658,471,3,0,1,8258,23.0,m,Turkey,0.9767260452097415,0.0,0.6,96.9376914671982,30,music,music,1,1,0,0,0,free,,1,1,1,4.473024497760346,-0.9767260452097415,6.156978985585555,0,0,29.301781356292246,1,1.1860356271258448,2
user_000106,1700,2009-05-03 00:00:00+00:00,177,night,30.357142857142858,1,56,467,3,0,1,6856,31.0,f,New Zealand,1.0,0.0,0.6,116.78571428571429,30,music,music,1,1,0,0,0,free,,1,1,1,7.57538592360021,-1.0,6.148468295917647,0,0,30.0,1,1.2,3
user_000107,25664,2009-05-01 00:00:00+00:00,984,afternoon,122.79425837320574,1,209,469,3,1,3,18775,15.0,m,Poland,1.0,0.0,0.6,140.0,30,music,music,1,1,1,0,0,free,,0,1,1,36.57701313244426,-1.0,6.152732694704104,0,0,30.0,1,1.2,1
user_000109,917,2006-10-22 00:00:00+00:00,177,night,53.94117647058823,1,17,1391,0,0,1,568,18.0,m,Canada,1.0,0.0,0.0,140.0,30,music,music,1,1,0,0,0,free,,1,1,1,5.425118323191345,-1.0,7.238496840894365,0,0,30.0,0,1.2,3
user_000110,11404,2009-05-04 00:00:00+00:00,1514,afternoon,19.696027633851468,1,579,466,3,0,2,13155,22.0,m,Poland,0.989830992205101,0.0,0.6,92.90416246708747,30,music,music,1,1,1,0,0,free,,0,1,1,3.918293257498033,-0.989830992205101,6.1463292576688975,0,0,29.694929766153027,1,1.1938985953230605,1
user_000113,21896,2009-04-24 00:00:00+00:00,528,afternoon,27.404255319148938,1,799,476,3,0,2,13599,22.0,f,Italy,1.0,0.0,0.6,110.28936170212766,30,music,music,1,1,1,0,0,free,,0,1,1,6.336263788408958,-1.0,6.1675164908883415,0,0,30.0,1,1.2,1
user_000117,18707,2009-05-02 00:00:00+00:00,456,afternoon,34.83612662942272,1,537,468,3,1,3,21091,21.0,m,United Kingdom,1.0,0.0,0.6,126.63947858473,30,music,music,1,1,1,0,0,free,,0,1,1,9.406458235099619,-1.0,6.150602768446279,0,0,30.0,1,1.2,1
user_000118,1600,2009-04-30 00:00:00+00:00,253,evening,21.91780821917808,1,73,470,0,0,1,154,19.0,f,United States,0.758895230745627,0.12110476925437297,0.0,88.09277777350812,30,music,music,1,1,0,0,0,free,,1,1,1,4.099364349754617,-0.6377904614912541,6.9002407632856855,0,0,22.76685692236881,0,1.0553371384473762,2
user_000121,28695,2009-04-28 00:00:00+00:00,632,afternoon,53.735955056179776,1,534,472,0,0,1,948,,f,United Kingdom,1.0,0.0,0.0,140.0,30,music,music,1,1,0,0,0,free,,0,1,1,15.90493384326674,-1.0,6.159095388491933,0,0,30.0,0,1.2,1
user_000122,851,2006-05-29 00:00:00+00:00,250,night,30.392857142857142,1,28,1537,3,0,1,12126,22.0,f,United States,1.0,0.0,0.6,116.86428571428571,30,music,music,1,1,0,0,0,free,,1,1,1,2.309388518086038,-1.0,7.338238150065589,0,0,30.0,1,1.2,3
user_000123,7099,2009-05-02 00:00:00+00:00,564,morning,33.01860465116279,1,215,468,0,0,1,4726,26.0,m,United States,1.0,0.0,0.0,122.64093023255815,30,music,music,1,1,0,0,0,free,,0,1,1,8.63418419914643,-1.0,6.150602768446279,0,0,30.0,0,1.2,0
user_000125,18610,2009-06-18 00:00:00+00:00,395,night,38.69022869022869,1,481,421,0,0,1,2229,20.0,f,Canada,1.0,0.0,0.0,135.11850311850313,30,music,music,1,1,0,0,0,free,,1,1,1,12.388070582787359,-1.0,6.045005314036012,0,0,30.0,0,1.2,3
user_000129,1957,2006-12-22 00:00:00+00:00,105,night,44.47727272727273,1,44,1330,0,0,1,234,,,,0.917140839641565,0.0,0.0,140.0,30,music,music,1,1,0,0,0,free,,1,1,1,4.678300662523052,-0.917140839641565,7.193685818395112,0,0,27.51422518924695,0,1.150284503784939,3
user_000131,36712,2009-05-02 00:00:00+00:00,2303,night,57.3625,1,640,468,0,0,1,2408,21.0,f,United States Minor Outlying Islands,1.0,0.0,0.0,140.0,30,music,music,1,1,0,0,0,free,,1,1,1,17.12313432835821,-1.0,6.150602768446279,0,0,30.0,0,1.2,3
user_000132,36151,2009-05-22 00:00:00+00:00,1200,evening,33.944600938967135,1,1065,448,0,0,1,2461,28.0,m,Norway,0.9831477175047448,0.0,0.0,123.97032620092699,30,music,music,1,1,0,0,0,free,,1,1,1,9.372212140677167,-0.9831477175047448,6.1070228877422545,0,0,29.494431525142346,0,1.1898886305028469,2
user_000134,34689,2008-08-27 00:00:00+00:00,765,evening,45.05064935064935,1,770,716,0,0,1,2935,30.0,m,Chile,1.0,0.0,0.0,140.0,30,music,music,1,1,0,0,0,free,,1,1,1,8.796500570559148,-1.0,6.57507584059962,0,0,30.0,0,1.2,2
user_000135,39794,2009-05-04 00:00:00+00:00,3919,morning,59.217261904761905,1,672,466,0,0,1,3712,,m,Czech Republic,1.0,0.0,0.0,140.0,30,music,music,1,1,0,0,0,free,,0,1,1,17.752498215560312,-1.0,6.1463292576688975,0,0,30.0,0,1.2,0
user_000137,22267,2009-06-16 00:00:00+00:00,351,night,67.88719512195122,1,328,423,0,0,1,4240,19.0,m,Chile,1.0,0.0,0.0,140.0,30,music,music,1,1,0,0,0,free,,1,1,1,22.415583294983893,-1.0,6.049733455231958,0,0,30.0,0,1.2,3
user_000139,7159,2009-06-13 00:00:00+00:00,593,evening,14.120315581854044,1,507,426,0,0,1,381,,m,Antarctica,0.7617200269644859,0.11827997303551407,0.0,71.05693541258731,30,music,music,1,1,0,0,0,free,,1,1,1,2.3497572653516463,-0.6434400539289719,6.77318026299524,0,0,22.851600808934577,0,1.0570320161786915,2
user_000140,328,2008-09-10 00:00:00+00:00,132,afternoon,54.666666666666664,1,6,702,0,0,1,368,33.0,m,United Kingdom,1.0,0.0,0.0,140.0,30,music,music,1,1,0,0,0,free,,0,1,1,10.886676149834043,-1.0,6.555356891810665,0,0,30.0,0,1.2,1
user_000141,52066,2009-04-30 00:00:00+00:00,451,night,79.8558282208589,1,652,470,0,0,1,4294,21.0,f,Trinidad and Tobago,1.0,0.0,0.0,140.0,30,music,music,1,1,0,0,0,free,,1,1,1,23.736339598556782,-1.0,6.154858094016418,0,0,30.0,0,1.2,3
user_000142,36790,2009-05-22 00:00:00+00:00,804,evening,30.632805995004162,1,1201,448,0,0,1,1271,,,Norway,0.9269558518845287,0.0,0.0,114.32431896815936,30,music,music,1,1,0,0,0,free,,1,1,1,7.799720898580401,-0.9269558518845287,6.1070228877422545,0,0,27.80867555653586,0,1.1561735111307172,2
user_000143,312,2009-05-01 00:00:00+00:00,208,night,14.857142857142858,1,21,469,3,1,3,22906,21.0,m,Mexico,0.9912987372257288,0.0,0.6,82.3202612491949,30,music,music,1,1,1,0,0,free,,1,1,1,2.60222102429066,-0.9912987372257288,6.152732694704104,0,0,29.738962116771866,1,1.1947792423354373,3
user_000144,6899,2009-05-01 00:00:00+00:00,52,evening,33.49029126213592,1,206,469,3,0,1,4042,19.0,f,Norway,1.0,0.0,0.6,123.67864077669903,30,music,music,1,1,0,0,0,free,,1,1,1,8.812837664929214,-1.0,6.152732694704104,0,0,30.0,1,1.2,2
user_000147,46060,2007-10-08 00:00:00+00:00,1973,evening,89.4368932038835,1,515,1040,0,0,1,6975,,m,United States,1.0,0.0,0.0,140.0,30,music,music,1,1,0,0,0,free,,1,1,1,12.028016377083276,-1.0,6.947937068614969,0,0,30.0,0,1.2,2
user_000148,7023,2009-04-29 00:00:00+00:00,737,night,41.55621301775148,1,169,471,3,0,1,6344,25.0,f,United States,1.0,0.0,0.6,140.0,30,music,music,1,1,0,0,0,free,,1,1,1,12.325995386621203,-1.0,6.156978985585555,0,0,30.0,1,1.2,3
user_000149,46917,2009-05-01 00:00:00+00:00,1029,afternoon,183.26953125,1,256,469,3,0,1,6731,26.0,m,United States,1.0,0.0,0.6,140.0,30,music,music,1,1,0,0,0,free,,0,1,1,54.59092420212766,-1.0,6.152732694704104,0,0,30.0,1,1.2,1
user_000151,11514,2009-04-30 00:00:00+00:00,487,evening,35.103658536585364,1,328,470,3,1,4,36427,23.0,m,Norway,1.0,0.0,0.6,127.22804878048781,30,music,music,1,1,1,1,0,free,,1,1,1,9.482314184004819,-1.0,6.154858094016418,0,0,30.0,1,1.2,2
user_000152,12900,2009-06-18 00:00:00+00:00,451,afternoon,34.959349593495936,1,369,421,0,0,1,7100,26.0,m,Finland,1.0,0.0,0.0,126.91056910569107,30,music,music,1,1,0,0,0,free,,0,1,1,10.513533062737864,-1.0,6.045005314036012,0,0,30.0,0,1.2,1
user_000154,17902,2009-04-15 00:00:00+00:00,583,evening,28.147798742138363,1,636,485,0,0,1,62,,f,Norway,0.7467592024043643,0.13324079759563567,0.0,101.2890437336877,30,music,music,1,1,0,0,0,free,,1,1,1,5.866386044854923,-0.6135184048087287,7.010463995041994,0,0,22.40277607213093,0,1.0480555214426186,2
user_000155,94242,2008-07-30 00:00:00+00:00,1080,night,152.99025974025975,1,616,744,0,0,1,3389,,m,Venezuela,1.0,0.0,0.0,140.0,30,music,music,1,1,0,0,0,free,,1,1,1,28.749847467968273,-1.0,6.61338421837956,0,0,30.0,0,1.2,3
user_000156,5758,2009-04-30 00:00:00+00:00,318,night,221.46153846153845,1,26,470,0,0,1,1187,23.0,m,Portugal,1.0,0.0,0.0,140.0,30,music,music,1,1,0,0,0,free,,1,1,1,65.82720888453372,-1.0,6.154858094016418,0,0,30.0,0,1.2,3
user_000158,2346,2009-04-17 00:00:00+00:00,533,evening,31.7027027027027,1,74,483,0,0,1,615,,f,United States,0.8934947992105597,0.0,0.0,115.27272751278946,30,music,music,1,1,0,0,0,free,,1,1,1,7.55053101253641,-0.8934947992105597,6.182084906716632,0,0,26.804843976316793,0,1.1360968795263358,2
user_000159,23465,2009-04-30 00:00:00+00:00,817,evening,35.44561933534743,1,662,470,3,1,4,29407,20.0,m,United Kingdom,1.0,0.0,0.6,127.98036253776435,30,music,music,1,1,1,1,0,free,,1,1,1,9.631301938244913,-1.0,6.154858094016418,0,0,30.0,1,1.2,2
user_000160,32671,2009-05-02 00:00:00+00:00,975,evening,78.16028708133972,1,418,468,3,1,4,48520,19.0,m,United Kingdom,1.0,0.0,0.6,140.0,30,music,music,1,1,1,1,0,free,,1,1,1,23.331428979504395,-1.0,6.150602768446279,0,0,30.0,1,1.2,2
user_000162,29569,2009-05-21 00:00:00+00:00,1269,evening,68.92540792540792,1,429,449,3,0,1,7093,48.0,f,Switzerland,1.0,0.0,0.6,140.0,30,music,music,1,1,0,0,0,free,,1,1,1,21.44346024346024,-1.0,6.1092475827643655,0,0,30.0,1,1.2,2
user_000164,879,2009-04-28 00:00:00+00:00,443,night,25.114285714285714,1,35,472,0,0,1,4173,32.0,f,United States,0.9592003691057573,0.0,0.0,103.53784407387039,30,music,music,1,1,0,0,0,free,,1,1,1,5.497418601083181,-0.9592003691057573,6.159095388491933,0,0,28.77601107317272,0,1.1755202214634544,3
user_000166,2208,2009-04-25 00:00:00+00:00,330,afternoon,14.063694267515924,1,157,475,0,0,1,3713,22.0,f,Greece,0.8864747264102915,0.0,0.0,76.17206589776728,30,music,music,1,1,0,0,0,free,,0,1,1,2.250547576704359,-0.8864747264102915,6.16541785423142,0,0,26.594241792308743,0,1.1318848358461748,1
user_000170,50623,2009-04-29 00:00:00+00:00,1661,evening,51.03125,1,992,471,0,0,1,2234,29.0,f,Canada,1.0,0.0,0.0,140.0,30,music,music,1,1,0,0,0,free,,1,1,1,15.136387711864407,-1.0,6.156978985585555,0,0,30.0,0,1.2,2
user_000172,10066,2009-04-26 00:00:00+00:00,465,night,69.42068965517241,1,145,474,0,0,1,526,32.0,m,United States,1.0,0.0,0.0,140.0,30,music,music,1,1,0,0,0,free,,1,1,1,20.460834845735025,-1.0,6.163314804034641,0,0,30.0,0,1.2,3
user_000174,4518,2009-04-28 00:00:00+00:00,1114,evening,21.82608695652174,1,207,472,3,1,4,23769,,,,1.0,0.0,0.6,98.01739130434783,30,music,music,1,1,1,1,0,free,,1,1,1,4.522909314714828,-1.0,6.159095388491933,0,0,30.0,1,1.2,2
user_000175,1709,2009-04-09 00:00:00+00:00,177,evening,15.258928571428571,1,112,491,3,1,3,19003,28.0,f,United Kingdom,0.983435833355446,0.0,0.6,82.8739478580716,30,music,music,1,1,1,0,0,free,,1,1,1,2.5702594528427043,-0.983435833355446,6.198478716492308,0,0,29.50307500066338,1,1.1900615000132675,2
user_000178,33399,2009-04-29 00:00:00+00:00,3359,afternoon,60.2870036101083,1,554,471,3,1,3,22253,,m,United Kingdom,1.0,0.0,0.6,140.0,30,music,music,1,1,1,0,0,free,,0,1,1,17.88173835893043,-1.0,6.156978985585555,0,0,30.0,1,1.2,1
user_000180,12416,2009-04-29 00:00:00+00:00,867,evening,58.018691588785046,1,214,471,3,1,4,50653,20.0,m,Ireland,1.0,0.0,0.6,140.0,30,music,music,1,1,1,1,0,free,,1,1,1,17.20893394582607,-1.0,6.156978985585555,0,0,30.0,1,1.2,2
user_000182,30580,2009-06-18 00:00:00+00:00,1163,afternoon,31.787941787941786,1,962,421,3,1,4,130791,22.0,f,Belgium,1.0,0.0,0.6,119.93347193347194,30,music,music,1,1,1,1,0,free,,0,1,1,9.03421380153307,-1.0,6.045005314036012,0,0,30.0,1,1.2,1
user_000185,11683,2009-04-29 00:00:00+00:00,405,afternoon,61.167539267015705,1,191,471,3,1,4,142657,35.0,m,United Kingdom,1.0,0.0,0.6,140.0,30,music,music,1,1,1,1,0,free,,0,1,1,18.142914189369066,-1.0,6.156978985585555,0,0,30.0,1,1.2,1
user_000186,1317,2009-05-04 00:00:00+00:00,352,night,164.625,1,8,466,0,0,1,2748,,f,Australia,1.0,0.0,0.0,140.0,30,music,music,1,1,0,0,0,free,,1,1,1,49.352248394004285,-1.0,6.1463292576688975,0,0,30.0,0,1.2,3
user_000188,41839,2009-06-19 00:00:00+00:00,1047,afternoon,35.15882352941176,1,1190,420,0,0,1,3767,23.0,m,Finland,1.0,0.0,0.0,127.34941176470588,30,music,music,1,1,0,0,0,free,,0,1,1,10.635286210949378,-1.0,6.042632833682381,0,0,30.0,0,1.2,1
user_000189,12576,2009-05-03 00:00:00+00:00,234,night,33.4468085106383,1,376,467,3,1,3,23665,22.0,m,United States,1.0,0.0,0.6,123.58297872340427,30,music,music,1,1,1,0,0,free,,1,1,1,8.832171419948695,-1.0,6.148468295917647,0,0,30.0,1,1.2,3
user_000190,38499,2009-06-18 00:00:00+00:00,453,afternoon,38.53753753753754,1,999,421,3,1,4,36932,26.0,m,Italy,1.0,0.0,0.6,134.7825825825826,30,music,music,1,1,1,1,0,free,,0,1,1,12.308504349958602,-1.0,6.045005314036012,0,0,30.0,1,1.2,1
user_000192,589,2009-05-04 00:00:00+00:00,420,afternoon,19.0,1,31,466,3,0,2,15950,,f,Germany,0.9962502241194846,0.0,0.6,91.64250941301836,30,music,music,1,1,1,0,0,free,,0,1,1,3.7284961003155224,-0.9962502241194846,6.1463292576688975,0,0,29.887506723584536,1,1.1977501344716908,1
user_000193,1548,2009-02-25 00:00:00+00:00,296,evening,11.816793893129772,1,131,534,3,1,4,24330,30.0,m,Peru,0.976373622863731,0.0,0.6,75.00463872516221,30,music,music,1,1,1,1,0,free,,1,1,1,1.6566623492409376,-0.976373622863731,6.282266746896006,0,0,29.29120868591193,1,1.1858241737182385,2
user_000195,22417,2009-05-04 00:00:00+00:00,357,evening,59.93850267379679,1,374,466,0,0,1,5858,17.0,m,Poland,1.0,0.0,0.0,140.0,30,music,music,1,1,0,0,0,free,,1,1,1,17.968716004992615,-1.0,6.1463292576688975,0,0,30.0,0,1.2,2
user_000199,54969,2008-09-26 00:00:00+00:00,1729,evening,109.7185628742515,1,501,686,0,0,1,111,22.0,m,United States,1.0,0.0,0.0,140.0,30,music,music,1,1,0,0,0,free,,1,1,1,22.35895022182709,-1.0,6.532334292222349,0,0,30.0,0,1.2,2
user_000200,776,2009-05-25 00:00:00+00:00,469,afternoon,11.582089552238806,1,67,445,3,1,4,27184,,,,0.981065671940334,0.0,0.6,74.68535523641941,30,music,music,1,1,1,1,0,free,,0,1,1,1.9394898488542087,-0.981065671940334,6.100318952020064,0,0,29.43197015821002,1,1.1886394031642005,1
user_000201,1850,2009-05-02 00:00:00+00:00,104,night,32.45614035087719,1,57,468,3,0,1,11200,21.0,m,Australia,1.0,0.0,0.6,121.40350877192982,30,music,music,1,1,0,0,0,free,,1,1,1,8.401469765012163,-1.0,6.150602768446279,0,0,30.0,1,1.2,3
user_000204,449,2009-04-24 00:00:00+00:00,258,afternoon,19.52173913043478,1,23,476,0,0,1,846,22.0,f,Turkey,0.8379239729884717,0.04207602701152835,0.0,86.14063295247234,30,music,music,1,1,0,0,0,free,,0,1,1,3.5253982495360567,-0.7958479459769433,6.427021081353006,0,0,25.13771918965415,0,1.1027543837930829,1
user_000205,53160,2009-06-16 00:00:00+00:00,1178,night,62.175438596491226,1,855,423,0,0,1,3516,26.0,m,Mexico,1.0,0.0,0.0,140.0,30,music,music,1,1,0,0,0,free,,1,1,1,20.52962595167163,-1.0,6.049733455231958,0,0,30.0,0,1.2,3
user_000206,33622,2009-04-30 00:00:00+00:00,1672,afternoon,48.58670520231214,1,692,470,0,0,1,2139,27.0,f,Turkey,1.0,0.0,0.0,140.0,30,music,music,1,1,0,0,0,free,,0,1,1,14.441908128075795,-1.0,6.154858094016418,0,0,30.0,0,1.2,1
user_000207,2500,2009-05-01 00:00:00+00:00,311,evening,39.682539682539684,1,63,469,0,0,1,140,29.0,m,Portugal,0.8602770320660373,0.019722967933962665,0.0,131.43322264836087,30,music,music,1,1,0,0,0,free,,1,1,1,11.097029943292881,-0.8405540641320747,6.274082844347997,0,0,25.80831096198112,0,1.1161662192396224,2
user_000208,17253,2009-04-26 00:00:00+00:00,1299,afternoon,35.06707317073171,1,492,474,3,0,1,10958,21.0,m,Switzerland,1.0,0.0,0.6,127.14756097560976,30,music,music,1,1,0,0,0,free,,0,1,1,9.386721735182693,-1.0,6.163314804034641,0,0,30.0,1,1.2,1
user_000214,2246,2009-05-03 00:00:00+00:00,757,night,57.58974358974359,1,39,467,3,1,3,23535,103.0,,"Korea, Democratic People's Republic of",1.0,0.0,0.6,140.0,30,music,music,1,1,1,0,0,free,,1,1,1,17.22770107385492,-1.0,6.148468295917647,0,0,30.0,1,1.2,3
user_000215,19410,2008-02-21 00:00:00+00:00,510,morning,28.970149253731343,1,670,904,3,0,1,9467,16.0,m,Australia,1.0,0.0,0.6,113.73432835820896,30,music,music,1,1,0,0,0,free,,0,1,1,3.6407739975803346,-1.0,6.807934943699926,0,0,30.0,1,1.2,0
user_000219,27377,2009-05-02 00:00:00+00:00,1796,evening,66.28813559322033,1,413,468,3,0,1,6866,34.0,m,United States,1.0,0.0,0.6,140.0,30,music,music,1,1,0,0,0,free,,1,1,1,19.78750316215532,-1.0,6.150602768446279,0,0,30.0,1,1.2,2
user_000221,3150,2009-05-04 00:00:00+00:00,645,night,23.16176470588235,1,136,466,0,0,1,2911,21.0,m,United States,0.9276833357477059,0.0,0.0,97.91858245434483,30,music,music,1,1,0,0,0,free,,1,1,1,4.856460743342773,-0.9276833357477059,6.1463292576688975,0,0,27.830500072431178,0,1.1566100014486236,3
user_000226,17985,2009-05-02 00:00:00+00:00,1053,afternoon,46.714285714285715,1,385,468,3,0,1,9430,30.0,m,Serbia,1.0,0.0,0.6,140.0,30,music,music,1,1,0,0,0,free,,0,1,1,13.94456289978678,-1.0,6.150602768446279,0,0,30.0,1,1.2,1
user_000228,5550,2009-04-15 00:00:00+00:00,102,afternoon,120.65217391304348,1,46,485,0,0,1,2944,22.0,m,Brazil,1.0,0.0,0.0,140.0,30,music,music,1,1,0,0,0,free,,0,1,1,34.75577026301664,-1.0,6.186208623900494,0,0,30.0,0,1.2,1
user_000229,2632,2009-05-04 00:00:00+00:00,269,afternoon,45.37931034482759,1,58,466,0,0,1,1764,,,,1.0,0.0,0.0,140.0,30,music,music,1,1,0,0,0,free,,0,1,1,13.604075906372296,-1.0,6.1463292576688975,0,0,30.0,0,1.2,1
user_000230,4636,2009-05-04 00:00:00+00:00,240,morning,38.31404958677686,1,121,466,0,0,1,1118,18.0,f,Australia,0.9659947864778171,0.0,0.0,132.86269012297743,30,music,music,1,1,0,0,0,free,,0,1,1,10.9004447486174,-0.9659947864778171,6.1463292576688975,0,0,28.979843594334515,0,1.1795968718866903,0
user_000231,41,2009-05-08 00:00:00+00:00,40,evening,13.666666666666666,1,3,462,3,1,4,31547,,,,1.0,0.0,0.6,80.06666666666666,30,music,music,1,1,1,1,0,free,,1,1,1,2.363378929685625,-1.0,6.137727054086234,0,0,30.0,1,1.2,2
user_000233,73552,2009-06-18 00:00:00+00:00,3608,evening,86.43008225616921,1,851,421,3,0,1,7819,25.0,m,United States,1.0,0.0,0.6,140.0,30,music,music,1,1,0,0,0,free,,1,1,1,28.673487004416327,-1.0,6.045005314036012,0,0,30.0,1,1.2,2
user_000234,24217,2009-04-30 00:00:00+00:00,292,night,46.39272030651341,1,522,470,0,0,1,1780,20.0,f,United States,1.0,0.0,0.0,140.0,30,music,music,1,1,0,0,0,free,,1,1,1,13.789768243974262,-1.0,6.154858094016418,0,0,30.0,0,1.2,3
user_000235,31847,2009-05-31 00:00:00+00:00,991,night,74.06279069767442,1,430,439,0,0,1,6996,29.0,,United States,1.0,0.0,0.0,140.0,30,music,music,1,1,0,0,0,free,,1,1,1,23.565433403805496,-1.0,6.0867747269123065,0,0,30.0,0,1.2,3
user_000238,14952,2009-05-01 00:00:00+00:00,468,evening,27.637707948243992,1,541,469,3,1,3,14056,22.0,f,Spain,1.0,0.0,0.6,110.80295748613679,30,music,music,1,1,1,0,0,free,,1,1,1,6.515616550645839,-1.0,6.152732694704104,0,0,30.0,1,1.2,2
user_000239,22222,2009-05-02 00:00:00+00:00,728,evening,25.45475372279496,1,873,468,0,0,1,211,21.0,m,Czech Republic,0.7973407674437305,0.0826592325562695,0.0,97.48877042278559,30,music,music,1,1,0,0,0,free,,1,1,1,5.291157018870159,-0.714681534887461,6.659006873044515,0,0,23.920223023311916,0,1.0784044604662382,2
user_000241,10234,2009-04-29 00:00:00+00:00,988,afternoon,25.39454094292804,1,403,471,3,0,1,11134,39.0,m,United Kingdom,1.0,0.0,0.6,105.86799007444169,30,music,music,1,1,0,0,0,free,,0,1,1,5.695908916294298,-1.0,6.156978985585555,0,0,30.0,1,1.2,1
user_000243,2000,2009-05-03 00:00:00+00:00,393,evening,37.735849056603776,1,53,467,3,1,2,8428,23.0,f,Russian Federation,1.0,0.0,0.6,133.0188679245283,30,music,music,1,1,0,0,0,free,,1,1,1,10.725598123248533,-1.0,6.148468295917647,0,0,30.0,1,1.2,2
user_000245,5662,2009-04-26 00:00:00+00:00,562,afternoon,18.50326797385621,1,306,474,0,0,1,251,,m,United Kingdom,0.7651382076562655,0.1148617923437345,0.0,80.84299426404682,30,music,music,1,1,0,0,0,free,,0,1,1,3.14917807721385,-0.650276415312531,6.871244189204733,0,0,22.954146229687964,0,1.0590829245937592,1
user_000248,50,2009-04-11 00:00:00+00:00,47,night,8.333333333333334,1,6,489,0,0,1,2702,26.0,m,United Kingdom,0.8346164650452046,0.04538353495479541,0.0,61.38722486523193,30,music,music,1,1,0,0,0,free,,1,1,1,1.0440004228780941,-0.7892329300904092,6.475529404696044,0,0,25.038493951356138,0,1.1007698790271228,3
user_000251,21441,2009-04-13 00:00:00+00:00,1153,afternoon,32.193693693693696,1,666,487,0,0,1,3679,24.0,f,Poland,0.9947489038761259,0.0,0.0,120.60558008892343,30,music,music,1,1,0,0,0,free,,0,1,1,7.956432588387386,-0.9947489038761259,6.1903154058531475,0,0,29.84246711628378,0,1.1968493423256754,1
user_000253,1300,2009-05-03 00:00:00+00:00,456,night,86.66666666666667,1,15,467,3,0,2,13841,22.0,f,United States,1.0,0.0,0.6,140.0,30,music,music,1,1,1,0,0,free,,1,1,1,25.925925925925927,-1.0,6.148468295917647,0,0,30.0,1,1.2,3
user_000254,10903,2009-06-17 00:00:00+00:00,463,afternoon,20.571698113207546,1,530,422,0,0,1,2079,20.0,f,Italy,0.8936369631774903,0.0,0.0,90.79048830251119,30,music,music,1,1,0,0,0,free,,0,1,1,4.415400749196126,-0.8936369631774903,6.0473721790462776,0,0,26.80910889532471,0,1.1361821779064942,1
user_000257,736,2009-05-04 00:00:00+00:00,224,evening,56.61538461538461,1,13,466,3,1,2,12003,18.0,f,United States,1.0,0.0,0.6,140.0,30,music,music,1,1,0,0,0,free,,1,1,1,16.972492175918298,-1.0,6.1463292576688975,0,0,30.0,1,1.2,2
user_000258,4650,2009-03-12 00:00:00+00:00,242,afternoon,25.977653631284916,1,179,519,0,1,4,29307,75.0,f,United States,1.0,0.0,0.0,107.15083798882682,30,music,music,1,1,1,1,0,free,,0,1,1,5.352937222260902,-1.0,6.253828811575473,0,0,30.0,0,1.2,1
user_000259,4037,2009-05-15 00:00:00+00:00,197,evening,51.756410256410255,1,78,455,0,0,1,1380,21.0,f,Russian Federation,1.0,0.0,0.0,140.0,30,music,music,1,1,0,0,0,free,,1,1,1,15.89012595591543,-1.0,6.1224928095143865,0,0,30.0,0,1.2,2
user_000262,20023,2009-04-27 00:00:00+00:00,438,night,30.246223564954683,1,662,473,3,1,4,32879,19.0,m,United States,1.0,0.0,0.6,116.5416918429003,30,music,music,1,1,1,1,0,free,,1,1,1,7.436595076199194,-1.0,6.161207321695077,0,0,30.0,1,1.2,3
user_000263,2659,2008-08-05 00:00:00+00:00,699,afternoon,29.21978021978022,1,91,738,0,0,1,3569,29.0,f,United Kingdom,0.975236329431234,0.0,0.0,113.24344231962831,30,music,music,1,1,0,0,0,free,,0,1,1,4.477602836144651,-0.975236329431234,6.6052979209482015,0,0,29.25708988293702,0,1.1851417976587404,1
user_000264,15883,2009-04-30 00:00:00+00:00,441,afternoon,54.023809523809526,1,294,470,0,0,1,1866,25.0,m,France,1.0,0.0,0.0,140.0,30,music,music,1,1,0,0,0,free,,0,1,1,16.05803255484784,-1.0,6.154858094016418,0,0,30.0,0,1.2,1
user_000265,6100,2009-05-02 00:00:00+00:00,146,evening,53.982300884955755,1,113,468,0,0,1,452,21.0,f,Poland,1.0,0.0,0.0,140.0,30,music,music,1,1,0,0,0,free,,1,1,1,16.114119667150973,-1.0,6.150602768446279,0,0,30.0,0,1.2,2
user_000267,22345,2009-04-10 00:00:00+00:00,1822,evening,62.06944444444444,1,360,490,0,0,1,4677,30.0,m,British Indian Ocean Territory,1.0,0.0,0.0,140.0,30,music,music,1,1,0,0,0,free,,1,1,1,17.698008599230597,-1.0,6.19644412779452,0,0,30.0,0,1.2,2
user_000271,17354,2009-05-02 00:00:00+00:00,713,afternoon,21.267156862745097,1,816,468,0,0,1,1074,21.0,m,Sweden,0.8615071179073674,0.018492882092632557,0.0,90.97104405014865,30,music,music,1,1,0,0,0,free,,0,1,1,4.125150242605981,-0.8430142358147349,6.264345140241775,0,0,25.845213537221024,0,1.1169042707444203,1
user_000272,100,2009-05-03 00:00:00+00:00,77,night,12.5,1,8,467,0,0,1,148,,,United States,0.7002170468270001,0.17978295317299986,0.0,64.909115966734,30,music,music,1,1,0,0,0,free,,1,1,1,1.7336836529576392,-0.5204340936540003,7.253858083648284,0,0,21.006511404810006,0,1.0201302280962001,3
user_000273,68833,2009-05-02 00:00:00+00:00,749,night,61.78904847396768,1,1114,468,0,0,1,781,19.0,f,United States,1.0,0.0,0.0,140.0,30,music,music,1,1,0,0,0,free,,1,1,1,18.444492081781398,-1.0,6.150602768446279,0,0,30.0,0,1.2,3
user_000274,15532,2009-04-29 00:00:00+00:00,1031,night,115.91044776119404,1,134,471,0,0,1,2673,,m,Mexico,1.0,0.0,0.0,140.0,30,music,music,1,1,0,0,0,free,,1,1,1,34.38021755628637,-1.0,6.156978985585555,0,0,30.0,0,1.2,3
user_000276,14639,2009-04-29 00:00:00+00:00,655,evening,24.72804054054054,1,592,471,0,0,1,6108,25.0,m,Hungary,0.9778317537389805,0.0,0.0,103.47062284622638,30,music,music,1,1,0,0,0,free,,1,1,1,5.4208172807128525,-0.9778317537389805,6.156978985585555,0,0,29.334952612169413,0,1.1866990522433882,2
user_000277,9926,2009-05-01 00:00:00+00:00,316,night,32.33224755700326,1,307,469,3,1,4,46496,25.0,f,New Zealand,1.0,0.0,0.6,121.13094462540717,30,music,music,1,1,1,1,0,free,,1,1,1,8.332841890302804,-1.0,6.152732694704104,0,0,30.0,1,1.2,3
user_000278,10729,2009-04-22 00:00:00+00:00,672,night,48.768181818181816,1,220,478,0,0,1,214,20.0,f,United States,0.9379941824561122,0.0,0.0,140.0,30,music,music,1,1,0,0,0,free,,1,1,1,14.253748339343328,-0.9379941824561122,6.171700597410915,0,0,28.139825473683366,0,1.1627965094736672,3
user_000282,264,2009-04-28 00:00:00+00:00,99,afternoon,6.285714285714286,1,42,472,3,0,1,10328,49.0,m,Sweden,0.8960633770746506,0.0,0.6,59.463233265706755,30,music,music,1,1,0,0,0,free,,0,1,1,0.790209079942947,-0.8960633770746506,6.159095388491933,0,0,26.881901312239517,1,1.1376380262447903,1
user_000284,19126,2009-06-17 00:00:00+00:00,2384,evening,26.97602256699577,1,709,422,0,0,1,2274,22.0,m,Turkey,0.9369915786281524,0.0,0.0,106.7008959497731,30,music,music,1,1,0,0,0,free,,1,1,1,6.804647227091599,-0.9369915786281524,6.0473721790462776,0,0,28.109747358844572,0,1.1621949471768913,2
user_000290,2326,2009-05-02 00:00:00+00:00,181,afternoon,44.73076923076923,1,52,468,0,0,1,1626,,m,United States,1.0,0.0,0.0,140.0,30,music,music,1,1,0,0,0,free,,0,1,1,13.352468427095292,-1.0,6.150602768446279,0,0,30.0,0,1.2,1
user_000291,2821,2009-05-02 00:00:00+00:00,273,afternoon,42.74242424242424,1,66,468,0,0,1,1657,30.0,m,France,1.0,0.0,0.0,140.0,30,music,music,1,1,0,0,0,free,,0,1,1,12.758932609678878,-1.0,6.150602768446279,0,0,30.0,0,1.2,1
user_000292,3775,2009-05-03 00:00:00+00:00,120,afternoon,14.085820895522389,1,268,467,3,1,4,26200,19.0,f,Netherlands,0.9940603325059202,0.0,0.6,80.73933993539791,30,music,music,1,1,1,1,0,free,,0,1,1,2.4300852169929765,-0.9940603325059202,6.148468295917647,0,0,29.821809975177604,1,1.1964361995035522,1
user_000293,53936,2009-04-27 00:00:00+00:00,1892,evening,48.4165170556553,1,1114,473,3,0,2,14158,39.0,,United Kingdom,1.0,0.0,0.6,140.0,30,music,music,1,1,1,0,0,free,,1,1,1,14.300237105045868,-1.0,6.161207321695077,0,0,30.0,1,1.2,2
user_000295,7416,2009-05-04 00:00:00+00:00,494,evening,26.391459074733095,1,281,466,3,1,3,22337,21.0,f,Italy,1.0,0.0,0.6,108.06120996441283,30,music,music,1,1,1,0,0,free,,1,1,1,6.106837259832851,-1.0,6.1463292576688975,0,0,30.0,1,1.2,2
user_000297,1362,2008-11-26 00:00:00+00:00,649,afternoon,24.763636363636362,1,55,625,0,0,1,8737,21.0,f,Spain,0.9977308317049441,0.0,0.0,104.38469493160765,30,music,music,1,1,0,0,0,free,,0,1,1,4.129304516318607,-0.9977308317049441,6.439350371100098,0,0,29.931924951148325,0,1.1986384990229666,1
user_000298,26591,2009-06-18 00:00:00+00:00,1448,evening,44.318333333333335,1,600,421,0,0,1,6208,28.0,m,Argentina,1.0,0.0,0.0,140.0,30,music,music,1,1,0,0,0,free,,1,1,1,14.702764612954187,-1.0,6.045005314036012,0,0,30.0,0,1.2,2
user_000299,3643,2009-05-03 00:00:00+00:00,231,night,23.203821656050955,1,157,467,0,0,1,5034,29.0,f,United States,0.9580522142197021,0.0,0.0,99.28660064053959,30,music,music,1,1,0,0,0,free,,1,1,1,4.922710628415888,-0.9580522142197021,6.148468295917647,0,0,28.741566426591064,0,1.1748313285318213,3
user_000301,95,2009-04-30 00:00:00+00:00,68,afternoon,7.3076923076923075,1,13,470,3,1,4,30480,20.0,m,Netherlands,0.9617133888175281,0.0,0.6,64.46888540725925,30,music,music,1,1,1,1,0,free,,0,1,1,1.000252182539544,-0.9617133888175281,6.154858094016418,0,0,28.85140166452584,1,1.1770280332905168,1
user_000303,6107,2009-04-29 00:00:00+00:00,807,night,33.74033149171271,1,181,471,0,0,1,859,22.0,f,Slovakia,0.9240732703588916,0.0,0.0,121.03980663684142,30,music,music,1,1,0,0,0,free,,1,1,1,8.652379660211519,-0.9240732703588916,6.156978985585555,0,0,27.722198110766747,0,1.1544439622153349,3
user_000305,6432,2009-06-15 00:00:00+00:00,274,afternoon,11.631103074141048,1,553,424,3,0,2,14443,21.0,m,Sweden,0.9465785094767005,0.0,0.6,73.34472416113172,30,music,music,1,1,1,0,0,free,,0,1,1,2.0072471686178033,-0.9465785094767005,6.052089168924417,0,0,28.397355284301014,1,1.1679471056860202,1
user_000308,302,2009-03-18 00:00:00+00:00,10,evening,25.166666666666668,1,12,513,0,0,1,6066,21.0,f,Norway,0.9800840740368264,0.0,0.0,104.53019777621338,30,music,music,1,1,0,0,0,free,,1,1,1,5.118047945592809,-0.9800840740368264,6.2422232654551655,0,0,29.402522221104793,0,1.1880504444220958,2
user_000309,10116,2009-04-28 00:00:00+00:00,152,morning,51.3502538071066,1,197,472,3,0,1,8009,21.0,m,United States,1.0,0.0,0.6,140.0,30,music,music,1,1,0,0,0,free,,0,1,1,15.198806623667915,-1.0,6.159095388491933,0,0,30.0,1,1.2,0
user_000310,2460,2009-06-19 00:00:00+00:00,368,evening,13.516483516483516,1,182,420,3,1,3,15282,22.0,m,United States,0.9609962019179321,0.0,0.6,78.09810421681689,30,music,music,1,1,1,0,0,free,,1,1,1,2.5073913024114423,-0.9609962019179321,6.042632833682381,0,0,28.829886057537962,1,1.1765977211507592,2
user_000311,1416,2009-04-30 00:00:00+00:00,73,night,34.53658536585366,1,41,470,0,0,1,6127,23.0,m,Canada,1.0,0.0,0.0,125.98048780487807,30,music,music,1,1,0,0,0,free,,1,1,1,9.237655778142372,-1.0,6.154858094016418,0,0,30.0,0,1.2,3
user_000313,55717,2009-04-29 00:00:00+00:00,2751,night,66.80695443645084,1,834,471,3,1,4,30979,33.0,m,United States,1.0,0.0,0.6,140.0,30,music,music,1,1,1,1,0,free,,1,1,1,19.8156220786083,-1.0,6.156978985585555,0,0,30.0,1,1.2,3
user_000316,7360,2009-05-01 00:00:00+00:00,243,afternoon,18.727735368956743,1,393,469,3,0,1,7102,20.0,m,Belgium,0.95012140020862,0.0,0.6,89.10611662046688,30,music,music,1,1,0,0,0,free,,0,1,1,3.5505441953691528,-0.95012140020862,6.152732694704104,0,0,28.503642006258602,1,1.1700728401251719,1
user_000317,39362,2009-05-03 00:00:00+00:00,852,afternoon,53.04851752021563,1,742,467,0,0,1,2391,34.0,m,Hungary,1.0,0.0,0.0,140.0,30,music,music,1,1,0,0,0,free,,0,1,1,15.869214642799548,-1.0,6.148468295917647,0,0,30.0,0,1.2,1
user_000318,7292,2009-05-22 00:00:00+00:00,160,evening,29.285140562248998,1,249,448,0,1,2,10131,26.0,m,Sweden,1.0,0.0,0.0,114.4273092369478,30,music,music,1,1,0,0,0,free,,1,1,1,7.463295846690311,-1.0,6.1070228877422545,0,0,30.0,0,1.2,2
user_000321,712,2009-02-27 00:00:00+00:00,188,evening,15.148936170212766,1,47,532,0,0,1,684,18.0,f,Poland,0.800011653125699,0.07998834687430101,0.0,74.92814900574744,30,music,music,1,1,0,0,0,free,,1,1,1,2.1296092807509552,-0.720023306251398,6.780729973699752,0,0,24.00034959377097,0,1.0800069918754194,2
user_000322,18795,2009-06-15 00:00:00+00:00,1043,afternoon,76.40243902439025,1,246,424,0,0,1,4946,38.0,m,United Kingdom,1.0,0.0,0.0,140.0,30,music,music,1,1,0,0,0,free,,0,1,1,25.167862266857963,-1.0,6.052089168924417,0,0,30.0,0,1.2,1
user_000327,3393,2009-05-02 00:00:00+00:00,113,afternoon,51.40909090909091,1,66,468,0,0,1,677,19.0,f,United Kingdom,1.0,0.0,0.0,140.0,30,music,music,1,1,0,0,0,free,,0,1,1,15.345997286295793,-1.0,6.150602768446279,0,0,30.0,0,1.2,1
user_000333,522,2009-05-03 00:00:00+00:00,287,afternoon,26.1,1,20,467,0,0,1,1010,,,,0.887128237046126,0.0,0.0,102.6793859559373,30,music,music,1,1,0,0,0,free,,0,1,1,5.726350370619581,-0.887128237046126,6.148468295917647,0,0,26.61384711138378,0,1.1322769422276755,1
user_000337,14400,2009-03-24 00:00:00+00:00,1281,evening,49.48453608247423,1,291,507,3,0,2,22866,31.0,f,United States,1.0,0.0,0.6,140.0,30,music,music,1,1,1,0,0,free,,1,1,1,13.63747057391022,-1.0,6.230481447578482,0,0,30.0,1,1.2,2
user_000338,7941,2009-04-30 00:00:00+00:00,406,afternoon,41.359375,1,192,470,0,0,1,5660,28.0,f,Poland,1.0,0.0,0.0,140.0,30,music,music,1,1,0,0,0,free,,0,1,1,12.293657112526539,-1.0,6.154858094016418,0,0,30.0,0,1.2,1
user_000339,5441,2009-05-19 00:00:00+00:00,1009,afternoon,20.151851851851852,1,270,451,0,0,1,3517,32.0,m,Norway,0.9200217470024737,0.0,0.0,90.97498744817798,30,music,music,1,1,0,0,0,free,,0,1,1,4.056005463008328,-0.9200217470024737,6.113682179832232,0,0,27.60065241007421,0,1.1520130482014843,1
user_000341,21035,2009-04-26 00:00:00+00:00,1239,afternoon,35.11686143572621,1,599,474,0,0,1,3092,,,,1.0,0.0,0.0,127.25709515859766,30,music,music,1,1,0,0,0,free,,0,1,1,9.408146899784207,-1.0,6.163314804034641,0,0,30.0,0,1.2,1
user_000344,2015,2009-06-13 00:00:00+00:00,531,evening,24.876543209876544,1,81,426,3,1,4,68339,25.0,m,Turkey,1.0,0.0,0.6,104.7283950617284,30,music,music,1,1,1,1,0,free,,1,1,1,6.101359356098613,-1.0,6.056784013228625,0,0,30.0,1,1.2,2
user_000345,52908,2009-05-02 00:00:00+00:00,5366,evening,119.43115124153499,1,443,468,0,0,1,626,,f,United States,1.0,0.0,0.0,140.0,30,music,music,1,1,0,0,0,free,,1,1,1,35.65108992284626,-1.0,6.150602768446279,0,0,30.0,0,1.2,2
user_000346,10760,2009-04-27 00:00:00+00:00,246,afternoon,43.38709677419355,1,248,473,0,0,1,3178,17.0,f,Croatia,1.0,0.0,0.0,140.0,30,music,music,1,1,0,0,0,free,,0,1,1,12.814754321491767,-1.0,6.161207321695077,0,0,30.0,0,1.2,1
user_000347,10728,2009-05-02 00:00:00+00:00,962,afternoon,83.16279069767442,1,129,468,0,0,1,3084,,m,,1.0,0.0,0.0,140.0,30,music,music,1,1,0,0,0,free,,0,1,1,24.824713641096842,-1.0,6.150602768446279,0,0,30.0,0,1.2,1
user_000348,79285,2009-06-18 00:00:00+00:00,2470,afternoon,75.94348659003832,1,1044,421,0,0,1,1570,24.0,m,Finland,1.0,0.0,0.0,140.0,30,music,music,1,1,0,0,0,free,,0,1,1,25.194521617548258,-1.0,6.045005314036012,0,0,30.0,0,1.2,1
user_000349,88840,2009-06-16 00:00:00+00:00,1099,evening,100.38418079096046,1,885,423,0,0,1,837,23.0,m,Brazil,1.0,0.0,0.0,140.0,30,music,music,1,1,0,0,0,free,,1,1,1,33.145720072486945,-1.0,6.049733455231958,0,0,30.0,0,1.2,2
user_000352,450,2009-04-09 00:00:00+00:00,49,evening,22.5,1,20,491,0,0,1,1265,33.0,,Norway,0.8778989681487266,0.002101031851273416,0.0,94.37175666224653,30,music,music,1,1,0,0,0,free,,1,1,1,4.315781554675908,-0.8757979362974532,6.211501917705098,0,0,26.336969044461796,0,1.1267393808892359,2
user_000354,12550,2009-04-29 00:00:00+00:00,654,afternoon,232.40740740740742,1,54,471,3,0,1,7796,34.0,m,United Kingdom,1.0,0.0,0.6,140.0,30,music,music,1,1,0,0,0,free,,0,1,1,68.93440050219712,-1.0,6.156978985585555,0,0,30.0,1,1.2,1
user_000356,23395,2009-06-18 00:00:00+00:00,576,evening,33.043785310734464,1,708,421,0,0,1,3026,27.0,m,Turkey,0.9891057138606013,0.0,0.0,122.23876766576107,30,music,music,1,1,0,0,0,free,,1,1,1,9.571638851649665,-0.9891057138606013,6.045005314036012,0,0,29.67317141581804,0,1.1934634283163608,2
user_000357,81469,2009-04-30 00:00:00+00:00,1787,night,63.79718089271731,1,1277,470,0,0,1,2714,,f,United States,1.0,0.0,0.0,140.0,30,music,music,1,1,0,0,0,free,,1,1,1,18.963068630531684,-1.0,6.154858094016418,0,0,30.0,0,1.2,3
user_000358,8635,2009-05-02 00:00:00+00:00,848,evening,44.05612244897959,1,196,468,0,0,1,891,,f,Macedonia,0.9879773719857781,0.0,0.0,140.0,30,music,music,1,1,0,0,0,free,,1,1,1,13.15108132805361,-0.9879773719857781,6.150602768446279,0,0,29.639321159573342,0,1.1927864231914669,2
user_000359,4294,2009-05-02 00:00:00+00:00,405,night,76.67857142857143,1,56,468,0,0,1,516,31.0,m,United States,1.0,0.0,0.0,140.0,30,music,music,1,1,0,0,0,free,,1,1,1,22.88912579957356,-1.0,6.150602768446279,0,0,30.0,0,1.2,3
user_000361,18607,2008-12-06 00:00:00+00:00,748,night,101.125,1,184,615,3,1,3,18810,26.0,f,Poland,1.0,0.0,0.6,140.0,30,music,music,1,1,1,0,0,free,,1,1,1,22.982954545454547,-1.0,6.423246963533519,0,0,30.0,1,1.2,3
user_000363,7158,2009-05-03 00:00:00+00:00,1497,morning,47.40397350993378,1,151,467,0,0,1,6488,,,Slovenia,1.0,0.0,0.0,140.0,30,music,music,1,1,0,0,0,free,,0,1,1,14.180675836304976,-1.0,6.148468295917647,0,0,30.0,0,1.2,0
user_000364,117,2009-04-25 00:00:00+00:00,89,afternoon,13.0,1,9,475,0,0,1,4434,29.0,f,Norway,0.8898505592109024,0.0,0.0,73.97372348685789,30,music,music,1,1,0,0,0,free,,0,1,1,2.02029076749822,-0.8898505592109024,6.16541785423142,0,0,26.69551677632707,0,1.1339103355265414,1
user_000366,54310,2009-06-18 00:00:00+00:00,982,evening,43.622489959839356,1,1245,421,0,0,1,4991,24.0,m,Finland,1.0,0.0,0.0,140.0,30,music,music,1,1,0,0,0,free,,1,1,1,14.47191610042064,-1.0,6.045005314036012,0,0,30.0,0,1.2,2
user_000367,3799,2009-04-29 00:00:00+00:00,203,evening,27.528985507246375,1,138,471,3,1,3,15553,,,,1.0,0.0,0.6,110.56376811594203,30,music,music,1,1,1,0,0,free,,1,1,1,6.4485346823947385,-1.0,6.156978985585555,0,0,30.0,1,1.2,2
user_000371,3864,2009-05-01 00:00:00+00:00,307,night,21.954545454545453,1,176,469,3,1,4,35939,,m,Algeria,1.0,0.0,0.6,98.30000000000001,30,music,music,1,1,1,1,0,free,,1,1,1,4.591769825918762,-1.0,6.152732694704104,0,0,30.0,1,1.2,3
user_000375,700,2009-03-15 00:00:00+00:00,134,evening,50.0,1,14,516,0,1,2,10702,,,United Kingdom,1.0,0.0,0.0,140.0,30,music,music,1,1,0,0,0,free,,1,1,1,13.539651837524177,-1.0,6.248042874508429,0,0,30.0,0,1.2,2
user_000376,43506,2009-04-25 00:00:00+00:00,1842,afternoon,49.04847801578354,1,887,475,3,0,2,15665,,f,Germany,1.0,0.0,0.6,140.0,30,music,music,1,1,1,0,0,free,,0,1,1,14.426022945818687,-1.0,6.16541785423142,0,0,30.0,1,1.2,1
user_000377,15097,2009-05-02 00:00:00+00:00,415,evening,60.388,1,250,468,0,0,1,4007,,m,Portugal,1.0,0.0,0.0,140.0,30,music,music,1,1,0,0,0,free,,1,1,1,18.026268656716418,-1.0,6.150602768446279,0,0,30.0,0,1.2,2
user_000379,13175,2009-05-01 00:00:00+00:00,1115,afternoon,38.9792899408284,1,338,469,0,0,1,662,,m,United Kingdom,0.9411983641051929,0.0,0.0,133.2847691622406,30,music,music,1,1,0,0,0,free,,0,1,1,11.053926940151829,-0.9411983641051929,6.152732694704104,0,0,28.235950923155787,0,1.1647190184631158,1
user_000380,18915,2009-05-22 00:00:00+00:00,538,afternoon,26.089655172413792,1,725,448,0,0,1,37,,,Sweden,0.706605169819434,0.173394830180566,0.0,95.07465851172657,30,music,music,1,1,0,0,0,free,,0,1,1,5.5244210605922985,-0.533210339638868,7.165949084271153,0,0,21.19815509458302,0,1.0239631018916604,1
user_000381,22343,2009-06-13 00:00:00+00:00,563,evening,31.46901408450704,1,710,426,3,1,3,19199,,m,Turkey,1.0,0.0,0.6,119.2318309859155,30,music,music,1,1,1,0,0,free,,1,1,1,8.787138568190487,-1.0,6.056784013228625,0,0,30.0,1,1.2,2
user_000382,21344,2006-05-21 00:00:00+00:00,971,night,56.16842105263158,1,380,1545,0,0,1,2447,,m,United States,1.0,0.0,0.0,140.0,30,music,music,1,1,0,0,0,free,,1,1,1,5.086402941376727,-1.0,7.343426229147367,0,0,30.0,0,1.2,3
user_000385,3947,2009-05-01 00:00:00+00:00,317,evening,31.325396825396826,1,126,469,0,0,1,2312,,m,Latvia,0.9639989173751101,0.0,0.0,117.40382754562765,30,music,music,1,1,0,0,0,free,,1,1,1,7.824939333377109,-0.9639989173751101,6.152732694704104,0,0,28.919967521253305,0,1.178399350425066,2
user_000386,87,2008-03-22 00:00:00+00:00,57,afternoon,21.75,1,4,874,0,0,1,362,,f,Poland,0.8046921558845668,0.07530784411543323,0.0,89.6470705471518,30,music,music,1,1,0,0,0,free,,0,1,1,2.228370039314916,-0.7293843117691335,7.284376082794477,0,0,24.140764676537003,0,1.08281529353074,1
user_000387,11497,2008-08-07 00:00:00+00:00,1130,afternoon,20.790235081374323,1,553,736,0,0,1,1950,,m,United Kingdom,0.891426764222517,0.0,0.0,91.17844127636923,30,music,music,1,1,0,0,0,free,,0,1,1,2.572077650595658,-0.891426764222517,6.602587892189336,0,0,26.74280292667551,0,1.1348560585335101,1
user_000391,12933,2009-05-21 00:00:00+00:00,1189,evening,28.237991266375545,1,458,449,0,0,1,2123,,f,Germany,0.940786048628154,0.0,0.0,109.63659482840866,30,music,music,1,1,0,0,0,free,,1,1,1,6.879816016088352,-0.940786048628154,6.1092475827643655,0,0,28.22358145884462,0,1.1644716291768924,2
user_000394,36368,2009-05-02 00:00:00+00:00,1338,night,47.78975032851511,1,761,468,3,0,2,16116,,m,United States,1.0,0.0,0.6,140.0,30,music,music,1,1,1,0,0,free,,1,1,1,14.265597112989585,-1.0,6.150602768446279,0,0,30.0,1,1.2,3
user_000399,246,2009-04-30 00:00:00+00:00,138,afternoon,30.75,1,8,470,0,0,1,3926,,m,United Kingdom,0.9896597080017905,0.0,0.0,117.2157077360752,30,music,music,1,1,0,0,0,free,,0,1,1,7.652617861750133,-0.9896597080017905,6.154858094016418,0,0,29.689791240053715,0,1.1937958248010743,1
user_000400,39236,2009-05-02 00:00:00+00:00,656,night,36.296022201665124,1,1081,468,3,0,2,14464,,m,United States,1.0,0.0,0.6,129.85124884366329,30,music,music,1,1,1,0,0,free,,1,1,1,10.049219213099244,-1.0,6.150602768446279,0,0,30.0,1,1.2,3
user_000405,3516,2010-08-13 00:00:00+00:00,396,morning,22.253164556962027,1,158,0,0,0,1,1664,,f,Australia,0.8914859094745721,0.0,0.0,94.3993702232485,30,music,music,1,1,0,0,0,free,,0,1,1,2100.68471965153,-0.8914859094745721,0.0,0,0,26.744577284237163,0,1.134891545684743,0
user_000408,427,2008-08-24 00:00:00+00:00,210,night,18.565217391304348,1,23,719,0,0,1,4287,,m,United States,0.921387967999111,0.0,0.0,87.54177291683223,30,music,music,1,1,0,0,0,free,,1,1,1,2.257266729196097,-0.921387967999111,6.579251212010101,0,0,27.64163903997333,0,1.1528327807994665,3
user_000412,40475,2009-04-28 00:00:00+00:00,3296,afternoon,60.68215892053973,1,667,472,0,0,1,7446,,f,United Kingdom,1.0,0.0,0.0,140.0,30,music,music,1,1,0,0,0,free,,0,1,1,17.96089270375383,-1.0,6.159095388491933,0,0,30.0,0,1.2,1
user_000413,1728,2009-05-02 00:00:00+00:00,103,evening,20.32941176470588,1,85,468,3,0,1,9916,,f,United States,0.9780867860234721,0.0,0.6,93.80435089533877,30,music,music,1,1,0,0,0,free,,1,1,1,4.066070948128568,-0.9780867860234721,6.150602768446279,0,0,29.342603580704164,1,1.1868520716140831,2
user_000414,996,2006-04-24 00:00:00+00:00,128,afternoon,18.79245283018868,1,53,1572,3,0,1,6579,,m,United Kingdom,0.946303168318697,0.0,0.6,89.08812929580037,30,music,music,1,1,0,0,0,free,,0,1,1,1.0643257899053264,-0.946303168318697,7.360739903058278,0,0,28.38909504956091,1,1.1677819009912183,1
user_000418,1105,2008-08-24 00:00:00+00:00,357,afternoon,26.951219512195124,1,41,719,3,1,3,22570,,m,China,1.0,0.0,0.6,109.29268292682929,30,music,music,1,1,1,0,0,free,,0,1,1,4.091070956441273,-1.0,6.579251212010101,0,0,30.0,1,1.2,1
user_000422,10336,2009-05-01 00:00:00+00:00,448,afternoon,38.140221402214024,1,271,469,0,0,1,4671,,f,Finland,1.0,0.0,0.0,133.90848708487084,30,music,music,1,1,0,0,0,free,,0,1,1,10.866594351175513,-1.0,6.152732694704104,0,0,30.0,0,1.2,1
user_000424,3514,2009-01-23 00:00:00+00:00,338,afternoon,31.945454545454545,1,110,567,3,0,2,12934,,m,Netherlands,1.0,0.0,0.6,120.28,30,music,music,1,1,1,0,0,free,,0,1,1,6.764787451984635,-1.0,6.342121418721152,0,0,30.0,1,1.2,1
user_000425,18334,2009-06-19 00:00:00+00:00,1196,afternoon,26.72594752186589,1,686,420,0,0,1,4692,,m,Finland,0.9753161874998882,0.0,0.0,107.76036442310027,30,music,music,1,1,0,0,0,free,,0,1,1,6.840849986957059,-0.9753161874998882,6.042632833682381,0,0,29.259485624996646,0,1.1851897124999329,1
user_000426,31950,2009-04-30 00:00:00+00:00,532,night,62.159533073929964,1,514,470,0,0,1,2039,,m,Australia,1.0,0.0,0.0,140.0,30,music,music,1,1,0,0,0,free,,1,1,1,18.476294331953703,-1.0,6.154858094016418,0,0,30.0,0,1.2,3
user_000427,65532,2007-04-18 00:00:00+00:00,3240,night,124.82285714285715,1,525,1213,0,1,2,8448,,m,United States,1.0,0.0,0.0,140.0,30,music,music,1,1,0,0,0,free,,1,1,1,14.394728171334432,-1.0,7.101675971619444,0,0,30.0,0,1.2,3
user_000429,34468,2009-06-17 00:00:00+00:00,3360,evening,61.55,1,560,422,0,0,1,3377,,,Turkey,1.0,0.0,0.0,140.0,30,music,music,1,1,0,0,0,free,,1,1,1,20.37115839243499,-1.0,6.0473721790462776,0,0,30.0,0,1.2,2
user_000430,7297,2009-04-28 00:00:00+00:00,1305,afternoon,18.66240409207161,1,391,472,0,0,1,64,,,,0.6915657243966897,0.18843427560331028,0.0,78.10304942721851,30,music,music,1,1,0,0,0,free,,0,1,1,3.081587038549247,-0.5031314487933795,7.319680066394099,0,0,20.746971731900693,0,1.0149394346380138,1
user_000431,76060,2009-04-30 00:00:00+00:00,1387,night,86.92571428571429,1,875,470,3,1,4,67256,,m,Poland,1.0,0.0,0.6,140.0,30,music,music,1,1,1,1,0,free,,1,1,1,25.83779193205945,-1.0,6.154858094016418,0,0,30.0,1,1.2,3
user_000432,1143,2009-05-03 00:00:00+00:00,215,evening,60.1578947368421,1,19,467,0,0,1,2273,,m,Spain,1.0,0.0,0.0,140.0,30,music,music,1,1,0,0,0,free,,1,1,1,17.99595141700405,-1.0,6.148468295917647,0,0,30.0,0,1.2,2
user_000433,10265,2009-05-01 00:00:00+00:00,716,night,30.825825825825827,1,333,469,3,0,2,13350,,f,United States,1.0,0.0,0.6,117.81681681681683,30,music,music,1,1,1,0,0,free,,1,1,1,7.727235477762601,-1.0,6.152732694704104,0,0,30.0,1,1.2,3
user_000434,6813,2009-02-10 00:00:00+00:00,894,night,25.51685393258427,1,267,549,0,0,1,971,,f,United States,0.8814656928408298,0.0,0.0,101.15863775100024,30,music,music,1,1,0,0,0,free,,1,1,1,4.693182151839051,-0.8814656928408298,6.309918278226516,0,0,26.44397078522489,0,1.128879415704498,3
user_000437,24131,2009-04-29 00:00:00+00:00,1789,evening,34.42368045649073,1,701,471,0,1,2,7091,,f,Russian Federation,1.0,0.0,0.0,125.73209700427961,30,music,music,1,1,0,0,0,free,,1,1,1,9.16983375084707,-1.0,6.156978985585555,0,0,30.0,0,1.2,2
user_000442,21665,2008-12-19 00:00:00+00:00,397,morning,58.39622641509434,1,371,602,3,1,3,16939,,f,France,1.0,0.0,0.6,140.0,30,music,music,1,1,1,0,0,free,,0,1,1,13.557996182608969,-1.0,6.401917196727186,0,0,30.0,1,1.2,0
user_000444,6950,2009-05-01 00:00:00+00:00,266,evening,64.95327102803738,1,107,469,3,0,1,11218,,f,Germany,1.0,0.0,0.6,140.0,30,music,music,1,1,0,0,0,free,,1,1,1,19.347782859415386,-1.0,6.152732694704104,0,0,30.0,1,1.2,2
user_000445,40848,2009-06-15 00:00:00+00:00,437,afternoon,84.92307692307692,1,481,424,3,1,3,19417,,,Finland,1.0,0.0,0.6,140.0,30,music,music,1,1,1,0,0,free,,0,1,1,27.974660633484163,-1.0,6.052089168924417,0,0,30.0,1,1.2,1
user_000446,11101,2009-05-09 00:00:00+00:00,868,night,28.318877551020407,1,392,461,0,0,1,228,,f,United States,0.8187679755016055,0.06123202449839449,0.0,104.68978558331233,30,music,music,1,1,0,0,0,free,,1,1,1,6.417093547135072,-0.757535951003211,6.511257950803944,0,0,24.563039265048165,0,1.0912607853009633,3
user_000448,866,2009-04-29 00:00:00+00:00,137,afternoon,23.405405405405407,1,37,471,0,0,1,1872,,f,United Kingdom,0.9048737510668572,0.0,0.0,97.4965894366999,30,music,music,1,1,0,0,0,free,,0,1,1,4.834633901293067,-0.9048737510668572,6.156978985585555,0,0,27.146212532005716,0,1.1429242506401143,1
user_000451,58687,2009-04-28 00:00:00+00:00,3357,afternoon,117.84538152610442,1,498,472,0,0,1,6450,,m,United Kingdom,1.0,0.0,0.0,140.0,30,music,music,1,1,0,0,0,free,,0,1,1,34.88023977516833,-1.0,6.159095388491933,0,0,30.0,0,1.2,1
user_000452,21572,2009-05-03 00:00:00+00:00,250,evening,44.02448979591837,1,490,467,3,0,2,16421,,,,1.0,0.0,0.6,140.0,30,music,music,1,1,1,0,0,free,,1,1,1,13.16971916971917,-1.0,6.148468295917647,0,0,30.0,1,1.2,2
user_000455,85,2008-08-05 00:00:00+00:00,74,afternoon,28.333333333333332,0,3,738,3,1,2,10169,,m,,1.0,0.12,0.6,112.33333333333334,30,music,music,0,1,0,0,0,free,,0,0,1,4.306871147195911,-0.88,7.3979336714619865,0,0,30.0,1,1.2,1
user_000457,2293,2007-10-07 00:00:00+00:00,156,night,21.632075471698112,1,106,1041,0,0,1,1933,,m,Brazil,0.8959964650109168,0.0,0.0,93.22241756819434,30,music,music,1,1,0,0,0,free,,1,1,1,1.935311297974411,-0.8959964650109168,6.948897222313312,0,0,26.879893950327503,0,1.13759787900655,3
user_000458,99938,2009-04-29 00:00:00+00:00,1705,night,135.97006802721089,1,735,471,3,1,3,18868,,f,Argentina,1.0,0.0,0.6,140.0,30,music,music,1,1,1,0,0,free,,1,1,1,40.33010492332526,-1.0,6.156978985585555,0,0,30.0,1,1.2,3
user_000459,3746,2009-05-01 00:00:00+00:00,356,afternoon,44.07058823529412,1,85,469,0,0,1,1923,,,Hungary,1.0,0.0,0.0,140.0,30,music,music,1,1,0,0,0,free,,0,1,1,13.127409261576972,-1.0,6.152732694704104,0,0,30.0,0,1.2,1
user_000460,23742,2009-05-03 00:00:00+00:00,410,night,44.29477611940298,1,536,467,0,0,1,1234,,f,Canada,1.0,0.0,0.0,140.0,30,music,music,1,1,0,0,0,free,,1,1,1,13.250574052812858,-1.0,6.148468295917647,0,0,30.0,0,1.2,3
user_000467,17911,2009-05-01 00:00:00+00:00,2059,afternoon,35.05088062622309,1,511,469,3,0,1,11285,,f,Germany,1.0,0.0,0.6,127.11193737769081,30,music,music,1,1,0,0,0,free,,0,1,1,9.479543283390182,-1.0,6.152732694704104,0,0,30.0,1,1.2,1
user_000468,13971,2009-06-16 00:00:00+00:00,259,night,95.6917808219178,1,146,423,0,0,1,1035,,m,Brazil,1.0,0.0,0.0,140.0,30,music,music,1,1,0,0,0,free,,1,1,1,31.59634272421814,-1.0,6.049733455231958,0,0,30.0,0,1.2,3
user_000474,6800,2009-05-03 00:00:00+00:00,460,evening,53.54330708661417,1,127,467,3,0,1,4401,,f,,1.0,0.0,0.6,140.0,30,music,music,1,1,0,0,0,free,,1,1,1,16.017228615653814,-1.0,6.148468295917647,0,0,30.0,1,1.2,2
user_000477,267,2009-04-23 00:00:00+00:00,93,evening,6.068181818181818,1,44,477,3,1,3,18065,,m,United States,0.9255073757831292,0.0,0.6,60.22130978289143,30,music,music,1,1,1,0,0,free,,1,1,1,0.7645059771791561,-0.9255073757831292,6.169610732491456,0,0,27.76522127349388,1,1.1553044254698774,2
user_000479,16279,2009-06-18 00:00:00+00:00,2308,evening,25.19969040247678,1,646,421,0,0,1,2967,,m,United States,0.9409585406506606,0.0,0.0,102.95957759277667,30,music,music,1,1,0,0,0,free,,1,1,1,6.148221514947292,-0.9409585406506606,6.045005314036012,0,0,28.22875621951982,0,1.1645751243903963,2
user_000480,47200,2009-04-29 00:00:00+00:00,546,evening,157.85953177257525,1,299,471,3,0,1,8855,,f,United States,1.0,0.0,0.6,140.0,30,music,music,1,1,0,0,0,free,,1,1,1,46.82274247491639,-1.0,6.156978985585555,0,0,30.0,1,1.2,2
user_000481,2880,2009-04-29 00:00:00+00:00,153,afternoon,17.66871165644172,1,163,471,0,0,1,6334,,m,United States,0.9374737500401885,0.0,0.0,86.2450631458597,30,music,music,1,1,0,0,0,free,,0,1,1,3.2284727807538207,-0.9374737500401885,6.156978985585555,0,0,28.124212501205655,0,1.162484250024113,1
user_000482,31830,2008-10-10 00:00:00+00:00,288,afternoon,59.943502824858754,1,531,672,0,0,1,6260,,f,Russian Federation,1.0,0.0,0.0,140.0,30,music,music,1,1,0,0,0,free,,0,1,1,12.46967369313555,-1.0,6.511745329644728,0,0,30.0,0,1.2,1
user_000486,5662,2009-05-01 00:00:00+00:00,284,afternoon,28.887755102040817,1,196,469,3,0,2,12916,,m,United Kingdom,1.0,0.0,0.6,113.5530612244898,30,music,music,1,1,1,0,0,free,,0,1,1,6.979346859021507,-1.0,6.152732694704104,0,0,30.0,1,1.2,1
user_000488,6768,2009-06-16 00:00:00+00:00,154,evening,193.37142857142857,1,35,423,3,0,1,12487,,m,Peru,1.0,0.0,0.6,140.0,30,music,music,1,1,0,0,0,free,,1,1,1,63.84905660377358,-1.0,6.049733455231958,0,0,30.0,1,1.2,2
user_000489,4309,2008-03-20 00:00:00+00:00,294,evening,35.31967213114754,1,122,876,0,0,1,3541,,m,Germany,1.0,0.0,0.0,127.70327868852459,30,music,music,1,1,0,0,0,free,,1,1,1,5.143030710776795,-1.0,6.776506992372183,0,0,30.0,0,1.2,2
user_000493,42459,2009-04-30 00:00:00+00:00,476,night,41.58570029382958,1,1021,470,0,0,1,5360,,m,United States,1.0,0.0,0.0,140.0,30,music,music,1,1,0,0,0,free,,1,1,1,12.360930023643611,-1.0,6.154858094016418,0,0,30.0,0,1.2,3
user_000494,2468,2009-05-03 00:00:00+00:00,648,evening,10.502127659574468,1,235,467,0,0,1,2823,,m,United Kingdom,0.8500377938811691,0.029962206118830936,0.0,66.80626819407293,30,music,music,1,1,0,0,0,free,,1,1,1,1.499162301354537,-0.8200755877623381,6.332689970315029,0,0,25.501133816435072,0,1.1100226763287016,2
user_000498,2877,2009-05-04 00:00:00+00:00,121,evening,29.357142857142858,1,98,466,0,0,1,175,,f,Poland,0.8105194768699555,0.06948052313004449,0.0,106.62753231425242,30,music,music,1,1,0,0,0,free,,1,1,1,6.702954386839668,-0.741038953739911,6.573379429821231,0,0,24.315584306098664,0,1.0863116861219733,2
user_000499,52958,2009-04-21 00:00:00+00:00,2702,night,73.75766016713092,1,718,479,3,1,4,24988,,f,,1.0,0.0,0.6,140.0,30,music,music,1,1,1,1,0,free,,1,1,1,21.512650882079853,-1.0,6.173786103901937,0,0,30.0,1,1.2,3
user_000500,8838,2009-05-04 00:00:00+00:00,2126,evening,37.134453781512605,1,238,466,3,0,1,8668,,,United States,1.0,0.0,0.6,131.69579831932774,30,music,music,1,1,0,0,0,free,,1,1,1,10.472058963401457,-1.0,6.1463292576688975,0,0,30.0,1,1.2,2
user_000501,26457,2009-04-28 00:00:00+00:00,853,evening,51.27325581395349,1,516,472,3,0,1,11921,,f,United States,1.0,0.0,0.6,140.0,30,music,music,1,1,0,0,0,free,,1,1,1,15.176016519986234,-1.0,6.159095388491933,0,0,30.0,1,1.2,2
user_000502,12035,2009-05-01 00:00:00+00:00,800,night,42.08041958041958,1,286,469,0,0,1,3415,,f,United States,1.0,0.0,0.0,140.0,30,music,music,1,1,0,0,0,free,,1,1,1,12.53459306650796,-1.0,6.152732694704104,0,0,30.0,0,1.2,3
user_000504,3772,2009-04-27 00:00:00+00:00,941,evening,58.9375,1,64,473,3,0,1,7202,,,United States,1.0,0.0,0.6,140.0,30,music,music,1,1,0,0,0,free,,1,1,1,17.407700421940927,-1.0,6.161207321695077,0,0,30.0,1,1.2,2
user_000507,29736,2009-06-18 00:00:00+00:00,671,afternoon,38.270270270270274,1,777,421,0,0,1,4982,,m,Italy,1.0,0.0,0.0,134.1945945945946,30,music,music,1,1,0,0,0,free,,0,1,1,12.169818492759445,-1.0,6.045005314036012,0,0,30.0,0,1.2,1
user_000510,2430,2009-04-29 00:00:00+00:00,284,evening,31.973684210526315,1,76,471,3,0,1,7869,,m,Germany,1.0,0.0,0.6,120.3421052631579,30,music,music,1,1,0,0,0,free,,1,1,1,8.152077268885863,-1.0,6.156978985585555,0,0,30.0,1,1.2,2
user_000511,12695,2009-04-30 00:00:00+00:00,344,night,34.59128065395095,1,367,470,3,0,1,8899,,f,United States,1.0,0.0,0.6,126.1008174386921,30,music,music,1,1,0,0,0,free,,1,1,1,9.261122646952083,-1.0,6.154858094016418,0,0,30.0,1,1.2,3
user_000512,44273,2009-04-28 00:00:00+00:00,1226,evening,41.64910630291627,1,1063,472,3,1,4,24663,,f,United Kingdom,1.0,0.0,0.6,140.0,30,music,music,1,1,1,1,0,free,,1,1,1,12.327431041032302,-1.0,6.159095388491933,0,0,30.0,1,1.2,2
user_000513,5341,2009-03-04 00:00:00+00:00,1102,afternoon,33.38125,1,160,527,3,0,2,17188,,,United Kingdom,1.0,0.0,0.6,123.43875000000001,30,music,music,1,1,1,0,0,free,,0,1,1,7.804052601207388,-1.0,6.269096283706261,0,0,30.0,1,1.2,1
user_000515,5166,2009-04-28 00:00:00+00:00,783,afternoon,90.63157894736842,1,57,472,3,0,2,13681,,m,Netherlands,1.0,0.0,0.6,140.0,30,music,music,1,1,1,0,0,free,,0,1,1,26.825414487593193,-1.0,6.159095388491933,0,0,30.0,1,1.2,1
user_000516,7242,2009-05-04 00:00:00+00:00,707,afternoon,37.523316062176164,1,193,466,3,1,4,57977,,m,Austria,1.0,0.0,0.6,132.55129533678758,30,music,music,1,1,1,1,0,free,,0,1,1,10.650458563968176,-1.0,6.1463292576688975,0,0,30.0,1,1.2,1
user_000517,29750,2009-05-03 00:00:00+00:00,579,evening,67.3076923076923,1,442,467,0,0,1,7718,,f,Italy,1.0,0.0,0.0,140.0,30,music,music,1,1,0,0,0,free,,1,1,1,20.134779750164366,-1.0,6.148468295917647,0,0,30.0,0,1.2,2
user_000518,12864,2009-04-28 00:00:00+00:00,640,afternoon,26.633540372670808,1,483,472,3,1,4,28214,,f,United Kingdom,1.0,0.0,0.6,108.59378881987578,30,music,music,1,1,1,1,0,free,,0,1,1,6.114666086163742,-1.0,6.159095388491933,0,0,30.0,1,1.2,1
user_000520,4315,2009-06-15 00:00:00+00:00,855,night,17.904564315352697,1,241,424,0,0,1,1741,,m,Venezuela,0.8678807895498009,0.012119210450199147,0.0,83.84103465486757,30,music,music,1,1,0,0,0,free,,1,1,1,3.5320875229265667,-0.8557615790996017,6.125435711225983,0,0,26.036423686494025,0,1.1207284737298804,3
user_000523,10126,2009-01-23 00:00:00+00:00,600,night,34.797250859106526,1,291,567,0,0,1,1409,,f,Mexico,0.9576074792401109,0.0,0.0,124.77346601811902,30,music,music,1,1,0,0,0,free,,1,1,1,7.643967601395582,-0.9576074792401109,6.342121418721152,0,0,28.72822437720333,0,1.1745644875440666,3
user_000524,10135,2009-05-04 00:00:00+00:00,433,evening,29.896755162241888,1,339,466,0,0,1,71,,f,United Kingdom,0.7645971675193344,0.11540283248066563,0.0,105.8859423927442,30,music,music,1,1,0,0,0,free,,1,1,1,6.778685427921033,-0.6491943350386687,6.855633063362676,0,0,22.937915025580033,0,1.0587583005116006,2
user_000526,600,2009-04-30 00:00:00+00:00,176,evening,60.0,1,10,470,3,0,1,6619,,f,United States,1.0,0.0,0.6,140.0,30,music,music,1,1,0,0,0,free,,1,1,1,17.8343949044586,-1.0,6.154858094016418,0,0,30.0,1,1.2,2
user_000528,2931,2009-04-29 00:00:00+00:00,194,afternoon,26.645454545454545,1,110,471,0,0,1,3447,,f,,0.9578779570208243,0.0,0.0,106.85087419487462,30,music,music,1,1,0,0,0,free,,0,1,1,6.031970575215283,-0.9578779570208243,6.156978985585555,0,0,28.73633871062473,0,1.1747267742124945,1
user_000529,63716,2009-04-30 00:00:00+00:00,809,evening,184.15028901734104,1,346,470,0,0,1,5111,,m,United States,1.0,0.0,0.0,140.0,30,music,music,1,1,0,0,0,free,,1,1,1,54.736816268424086,-1.0,6.154858094016418,0,0,30.0,0,1.2,2
user_000530,1379,2009-04-30 00:00:00+00:00,258,afternoon,28.729166666666668,1,48,470,3,0,1,12182,,m,Russian Federation,1.0,0.0,0.6,113.20416666666668,30,music,music,1,1,0,0,0,free,,0,1,1,6.905013527659827,-1.0,6.154858094016418,0,0,30.0,1,1.2,1
user_000531,6261,2009-05-03 00:00:00+00:00,850,evening,11.20035778175313,1,559,467,3,0,1,10619,,f,Bulgaria,0.9270793329042949,0.0,0.6,71.57811910183727,30,music,music,1,1,0,0,0,free,,1,1,1,1.713035348900674,-0.9270793329042949,6.148468295917647,0,0,27.812379987128846,1,1.1562475997425767,2
user_000533,50,2009-05-02 00:00:00+00:00,9,afternoon,12.5,1,4,468,0,0,1,4166,27.0,m,Japan,0.8834223397282349,0.0,0.0,72.60373826858586,30,music,music,1,1,0,0,0,free,,0,1,1,1.9350676510817126,-0.8834223397282349,6.150602768446279,0,0,26.50267019184705,0,1.1300534038369408,1
user_000534,5913,2006-08-03 00:00:00+00:00,586,afternoon,27.375,1,216,1471,0,0,1,5838,,f,Sweden,0.9912273155555946,0.0,0.0,109.85654725333497,30,music,music,1,1,0,0,0,free,,0,1,1,2.043018329524487,-0.9912273155555946,7.294377299288821,0,0,29.73681946666784,0,1.1947363893333567,1
user_000535,25182,2009-06-14 00:00:00+00:00,2234,afternoon,29.69575471698113,1,848,425,0,0,1,6260,,m,Turkey,1.0,0.0,0.0,115.3306603773585,30,music,music,1,1,0,0,0,free,,0,1,1,8.039509394163128,-1.0,6.054439346269371,0,0,30.0,0,1.2,1
user_000538,16,2009-05-04 00:00:00+00:00,15,evening,3.2,1,5,466,3,0,1,8625,,f,Portugal,0.8676394897464282,0.012360510253571766,0.6,51.480858569349984,30,music,music,1,1,0,0,0,free,,1,1,1,0.35275963045379005,-0.8552789794928565,6.222301023480142,0,0,26.029184692392846,1,1.120583693847857,2
user_000539,257,2006-08-27 00:00:00+00:00,19,evening,51.4,1,5,1447,0,0,1,525,,m,Venezuela,1.0,0.0,0.0,140.0,30,music,music,1,1,0,0,0,free,,1,1,1,4.969613259668508,-1.0,7.277938572945661,0,0,30.0,0,1.2,2
user_000540,20776,2009-05-04 00:00:00+00:00,797,afternoon,54.24543080939948,1,383,466,0,0,1,2753,,f,Spain,1.0,0.0,0.0,140.0,30,music,music,1,1,0,0,0,free,,0,1,1,16.262013518877787,-1.0,6.1463292576688975,0,0,30.0,0,1.2,1
user_000543,72192,2009-04-29 00:00:00+00:00,2132,afternoon,80.93273542600897,1,892,471,3,1,3,16163,,m,United Kingdom,1.0,0.0,0.6,140.0,30,music,music,1,1,1,0,0,free,,0,1,1,24.005472372121307,-1.0,6.156978985585555,0,0,30.0,1,1.2,1
user_000544,80185,2009-05-03 00:00:00+00:00,3741,night,246.72307692307692,1,325,467,3,1,2,12814,,f,United States,1.0,0.0,0.6,140.0,30,music,music,1,1,0,0,0,free,,1,1,1,73.80604865220249,-1.0,6.148468295917647,0,0,30.0,1,1.2,3
user_000546,6800,2009-05-02 00:00:00+00:00,1062,afternoon,36.75675675675676,1,185,468,3,1,2,10270,,f,Germany,1.0,0.0,0.6,130.86486486486487,30,music,music,1,1,0,0,0,free,,0,1,1,10.25622176086073,-1.0,6.150602768446279,0,0,30.0,1,1.2,1
user_000547,269,2009-06-14 00:00:00+00:00,31,night,33.625,1,8,425,0,0,1,773,,m,United States,0.917586453047435,0.0,0.0,120.51363102799229,30,music,music,1,1,0,0,0,free,,1,1,1,9.512372871634367,-0.917586453047435,6.054439346269371,0,0,27.527593591423052,0,1.150551871828461,3
user_000550,1079,2008-12-08 00:00:00+00:00,369,evening,16.6,1,65,613,3,0,2,15408,,m,United Kingdom,0.979948886830502,0.0,0.6,85.67785324688109,30,music,music,1,1,1,0,0,free,,1,1,1,2.3163719281730066,-0.979948886830502,6.419994928147142,0,0,29.398466604915058,1,1.1879693320983011,2
user_000551,4150,2009-05-04 00:00:00+00:00,223,morning,24.556213017751478,1,169,466,3,0,1,11009,,m,Australia,1.0,0.0,0.6,104.02366863905326,30,music,music,1,1,0,0,0,free,,0,1,1,5.469865880061211,-1.0,6.1463292576688975,0,0,30.0,1,1.2,0
user_000554,26301,2009-06-15 00:00:00+00:00,866,evening,52.81325301204819,1,498,424,3,0,1,9036,,m,United Kingdom,1.0,0.0,0.6,140.0,30,music,music,1,1,0,0,0,free,,1,1,1,17.397306874557053,-1.0,6.052089168924417,0,0,30.0,1,1.2,2
user_000555,1645,2009-06-14 00:00:00+00:00,279,morning,41.125,1,40,425,0,0,1,1613,,f,Spain,1.0,0.0,0.0,140.0,30,music,music,1,1,0,0,0,free,,0,1,1,13.515258215962442,-1.0,6.054439346269371,0,0,30.0,0,1.2,0
user_000558,13362,2009-05-03 00:00:00+00:00,1057,night,22.570945945945947,1,592,467,3,0,2,15789,,f,United States,1.0,0.0,0.6,99.65608108108108,30,music,music,1,1,1,0,0,free,,1,1,1,4.806264998431383,-1.0,6.148468295917647,0,0,30.0,1,1.2,3
user_000560,250,2009-05-04 00:00:00+00:00,76,evening,62.5,1,4,466,0,0,1,5069,,f,United States,1.0,0.0,0.0,140.0,30,music,music,1,1,0,0,0,free,,1,1,1,18.73661670235546,-1.0,6.1463292576688975,0,0,30.0,0,1.2,2
user_000565,42405,2009-04-28 00:00:00+00:00,2374,evening,59.14225941422594,1,717,472,0,0,1,5031,,f,Germany,1.0,0.0,0.0,140.0,30,music,music,1,1,0,0,0,free,,1,1,1,17.5051084946969,-1.0,6.159095388491933,0,0,30.0,0,1.2,2
user_000568,39288,2009-04-29 00:00:00+00:00,1363,night,284.69565217391306,1,138,471,0,0,1,4178,,m,Canada,1.0,0.0,0.0,140.0,30,music,music,1,1,0,0,0,free,,1,1,1,84.44362564480473,-1.0,6.156978985585555,0,0,30.0,0,1.2,3
user_000569,43755,2009-04-28 00:00:00+00:00,1059,night,43.108374384236456,1,1015,472,3,0,1,8327,,f,United States,1.0,0.0,0.6,140.0,30,music,music,1,1,0,0,0,free,,1,1,1,12.759349712036162,-1.0,6.159095388491933,0,0,30.0,1,1.2,3
user_000570,16300,2009-06-16 00:00:00+00:00,580,night,54.15282392026578,1,301,423,3,0,3,24184,,m,Brazil,1.0,0.0,0.6,140.0,30,music,music,1,1,1,1,0,free,,1,1,1,17.880649407634927,-1.0,6.049733455231958,0,0,30.0,1,1.2,3
user_000572,14806,2009-05-03 00:00:00+00:00,2004,afternoon,57.8359375,1,256,467,3,0,1,9337,,m,Israel,1.0,0.0,0.6,140.0,30,music,music,1,1,0,0,0,free,,0,1,1,17.301348824786324,-1.0,6.148468295917647,0,0,30.0,1,1.2,1
user_000574,9998,2009-05-01 00:00:00+00:00,1009,evening,51.271794871794874,1,195,469,3,0,2,13160,,m,Poland,1.0,0.0,0.6,140.0,30,music,music,1,1,1,0,0,free,,1,1,1,15.272449536279323,-1.0,6.152732694704104,0,0,30.0,1,1.2,2
user_000575,3681,2009-04-02 00:00:00+00:00,351,morning,25.5625,1,144,498,0,0,1,756,,m,United States,0.8679899789390597,0.01201002106094029,0.0,100.69307911544053,30,music,music,1,1,0,0,0,free,,0,1,1,5.158250170117131,-0.8559799578781194,6.28721962580482,0,0,26.039699368171792,0,1.1207939873634358,0
user_000576,8863,2009-05-08 00:00:00+00:00,428,evening,16.027124773960217,1,553,462,3,0,2,16157,,m,United States,0.9791221295559422,0.0,0.6,84.38280394406206,30,music,music,1,1,1,0,0,free,,1,1,1,2.9209799731924515,-0.9791221295559422,6.137727054086234,0,0,29.373663886678266,1,1.1874732777335653,2
user_000577,76931,2009-04-28 00:00:00+00:00,4209,evening,80.22002085505736,1,959,472,3,1,4,58134,,m,Estonia,1.0,0.0,0.6,140.0,30,music,music,1,1,1,1,0,free,,1,1,1,23.743769386274906,-1.0,6.159095388491933,0,0,30.0,1,1.2,2
user_000580,11416,2009-04-29 00:00:00+00:00,220,afternoon,37.429508196721315,1,305,471,3,1,3,15082,,f,United Kingdom,1.0,0.0,0.6,132.3449180327869,30,music,music,1,1,1,0,0,free,,0,1,1,10.494926259115694,-1.0,6.156978985585555,0,0,30.0,1,1.2,1
user_000584,13387,2009-04-18 00:00:00+00:00,1571,afternoon,31.27803738317757,1,428,482,3,1,4,43841,,f,Canada,1.0,0.0,0.6,118.81168224299066,30,music,music,1,1,1,1,0,free,,0,1,1,7.693988071955437,-1.0,6.180016653652572,0,0,30.0,1,1.2,1
user_000586,2204,2009-04-23 00:00:00+00:00,381,night,4.75,1,464,477,3,0,1,7553,,f,United States,0.8696407876799821,0.010359212320017908,0.6,54.974913082559254,30,music,music,1,1,0,0,0,free,,1,1,1,0.5462988224731307,-0.8592815753599642,6.233523040001196,0,0,26.089223630399463,1,1.1217844726079893,3
user_000590,9251,2009-04-29 00:00:00+00:00,408,afternoon,34.647940074906366,1,267,471,3,0,2,13120,,f,Norway,1.0,0.0,0.6,126.22546816479401,30,music,music,1,1,1,0,0,free,,0,1,1,9.265789103603357,-1.0,6.156978985585555,0,0,30.0,1,1.2,1
user_000591,11538,2009-04-30 00:00:00+00:00,536,evening,28.279411764705884,1,408,470,0,0,1,172,,f,Canada,0.8031075082856132,0.07689249171438683,0.0,103.9452212303487,30,music,music,1,1,0,0,0,free,,1,1,1,6.240997265703776,-0.7262150165712263,6.628120469013803,0,0,24.093225248568395,0,1.0818645049713678,2
user_000594,6257,2009-06-15 00:00:00+00:00,303,afternoon,24.251937984496124,1,258,424,3,1,4,290107,,m,Netherlands,1.0,0.0,0.6,103.35426356589147,30,music,music,1,1,1,1,0,free,,0,1,1,5.897743977490041,-1.0,6.052089168924417,0,0,30.0,1,1.2,1
user_000595,20125,2009-05-13 00:00:00+00:00,1491,morning,62.306501547987615,1,323,457,3,1,2,11951,,m,Russian Federation,1.0,0.0,0.6,140.0,30,music,music,1,1,0,0,0,free,,0,1,1,19.04565549501805,-1.0,6.126869184114185,0,0,30.0,1,1.2,0
user_000596,12797,2009-05-01 00:00:00+00:00,557,night,50.78174603174603,1,252,469,0,0,1,6127,,m,United States,1.0,0.0,0.0,140.0,30,music,music,1,1,0,0,0,free,,1,1,1,15.126477541371159,-1.0,6.152732694704104,0,0,30.0,0,1.2,3
user_000600,19972,2009-04-29 00:00:00+00:00,421,evening,65.48196721311476,1,305,471,3,0,2,14326,,f,United States,1.0,0.0,0.6,140.0,30,music,music,1,1,1,0,0,free,,1,1,1,19.42261739372048,-1.0,6.156978985585555,0,0,30.0,1,1.2,2
user_000602,1903,2009-04-21 00:00:00+00:00,558,evening,15.727272727272727,1,121,479,0,0,1,2070,,m,Canada,0.8643319137403934,0.015668086259606584,0.0,78.90194037709652,30,music,music,1,1,0,0,0,free,,1,1,1,2.5852340312950184,-0.8486638274807868,6.270517517126232,0,0,25.929957412211802,0,1.1185991482442361,2
user_000603,53843,2009-04-28 00:00:00+00:00,982,afternoon,79.5317577548006,1,677,472,0,0,1,2457,,m,United Kingdom,1.0,0.0,0.0,140.0,30,music,music,1,1,0,0,0,free,,0,1,1,23.54005514941244,-1.0,6.159095388491933,0,0,30.0,0,1.2,1
user_000604,21318,2009-06-18 00:00:00+00:00,877,night,34.71986970684039,1,614,421,0,0,1,162,,m,Canada,0.8384754792854142,0.04152452071458579,0.0,119.59968348503627,30,music,music,1,1,0,0,0,free,,1,1,1,9.84001286156353,-0.7969509585708284,6.296021262418481,0,0,25.154264378562427,0,1.1030852875712485,3
user_000606,4209,2009-05-02 00:00:00+00:00,1404,morning,30.722627737226276,1,137,468,0,0,1,3560,,f,Bulgaria,0.9841145840036355,0.0,0.0,116.9225935500505,30,music,music,1,1,0,0,0,free,,0,1,1,7.659209628377858,-0.9841145840036355,6.150602768446279,0,0,29.523437520109066,0,1.1904687504021814,0
user_000608,250,2009-05-01 00:00:00+00:00,32,morning,17.857142857142858,1,14,469,3,0,1,8005,,f,Poland,0.9514799168182457,0.0,0.6,87.24787079208062,30,music,music,1,1,0,0,0,free,,0,1,1,3.3148887079057987,-0.9514799168182457,6.152732694704104,0,0,28.544397504547373,1,1.1708879500909475,0
user_000609,11605,2009-05-03 00:00:00+00:00,2300,night,52.990867579908674,1,219,467,3,1,4,27835,,m,New Zealand,1.0,0.0,0.6,140.0,30,music,music,1,1,1,1,0,free,,1,1,1,15.851968934160714,-1.0,6.148468295917647,0,0,30.0,1,1.2,3
user_000610,14364,2007-01-14 00:00:00+00:00,583,afternoon,72.91370558375634,1,197,1307,0,0,1,2445,,m,Bulgaria,1.0,0.0,0.0,140.0,30,music,music,1,1,0,0,0,free,,0,1,1,7.804219252084012,-1.0,7.176254532017144,0,0,30.0,0,1.2,1
user_000611,32483,2009-06-17 00:00:00+00:00,1151,evening,55.62157534246575,1,584,422,3,0,2,13292,,m,Italy,1.0,0.0,0.6,140.0,30,music,music,1,1,1,0,0,free,,1,1,1,18.409032028239256,-1.0,6.0473721790462776,0,0,30.0,1,1.2,2
user_000612,53153,2009-06-19 00:00:00+00:00,274,night,97.70772058823529,1,544,420,3,1,2,9995,,m,Finland,1.0,0.0,0.6,140.0,30,music,music,1,1,0,0,0,free,,1,1,1,32.491878580410784,-1.0,6.042632833682381,0,0,30.0,1,1.2,3
user_000615,15899,2009-05-03 00:00:00+00:00,2055,evening,35.252771618625275,1,451,467,0,0,1,114,,f,Sweden,0.8224878967717304,0.057512103228269607,0.0,120.10058922538829,30,music,music,1,1,0,0,0,free,,1,1,1,9.04674923766013,-0.7649757935434608,6.502079639248205,0,0,24.674636903151914,0,1.0934927380630381,2
user_000616,19617,2009-04-30 00:00:00+00:00,623,night,150.9,1,130,470,3,1,4,31951,,f,Slovenia,1.0,0.0,0.6,140.0,30,music,music,1,1,1,1,0,free,,1,1,1,44.853503184713375,-1.0,6.154858094016418,0,0,30.0,1,1.2,3
user_000617,19009,2009-04-30 00:00:00+00:00,2018,afternoon,30.610305958132045,1,621,470,0,1,2,3494,,m,United Kingdom,0.9824117117555273,0.0,0.0,116.60396500162265,30,music,music,1,1,0,0,0,free,,0,1,1,7.578095636159215,-0.9824117117555273,6.154858094016418,0,0,29.472351352665818,0,1.1894470270533164,1
user_000618,77,2009-04-17 00:00:00+00:00,43,night,6.416666666666667,1,12,483,3,0,2,15397,,f,United States,0.9188096100410897,0.0,0.6,60.70667028839244,30,music,music,1,1,1,0,0,free,,1,1,1,0.8048232803385362,-0.9188096100410897,6.182084906716632,0,0,27.564288301232693,1,1.1512857660246538,3
user_000621,5233,2009-04-24 00:00:00+00:00,538,night,16.151234567901234,1,324,476,3,1,3,15435,,f,,0.9773525821535705,0.0,0.6,84.58152449983268,30,music,music,1,1,1,0,0,free,,1,1,1,2.863933002741054,-0.9773525821535705,6.1675164908883415,0,0,29.320577464607112,1,1.1864115492921423,3
user_000626,1937,2009-04-29 00:00:00+00:00,257,afternoon,41.212765957446805,1,47,471,3,0,1,8764,,f,Spain,1.0,0.0,0.6,140.0,30,music,music,1,1,0,0,0,free,,0,1,1,12.224125495852867,-1.0,6.156978985585555,0,0,30.0,1,1.2,1
user_000627,19278,2009-05-04 00:00:00+00:00,2737,afternoon,72.47368421052632,1,266,466,3,0,1,8374,,f,Russian Federation,1.0,0.0,0.6,140.0,30,music,music,1,1,0,0,0,free,,0,1,1,21.72658627296292,-1.0,6.1463292576688975,0,0,30.0,1,1.2,1
user_000629,18773,2009-05-04 00:00:00+00:00,1907,evening,52.147222222222226,1,360,466,0,0,1,3214,,m,Poland,1.0,0.0,0.0,140.0,30,music,music,1,1,0,0,0,free,,1,1,1,15.633000237925291,-1.0,6.1463292576688975,0,0,30.0,0,1.2,2
user_000630,37729,2008-12-24 00:00:00+00:00,932,night,76.99795918367347,1,490,597,0,0,1,1646,,f,United States,1.0,0.0,0.0,140.0,30,music,music,1,1,0,0,0,free,,1,1,1,18.02627806975633,-1.0,6.393590753950631,0,0,30.0,0,1.2,3
user_000631,2050,2009-05-01 00:00:00+00:00,173,evening,28.47222222222222,1,72,469,0,0,1,4860,,m,Finland,0.9877283034708333,0.0,0.0,112.12347763466389,30,music,music,1,1,0,0,0,free,,1,1,1,6.792350152218114,-0.9877283034708333,6.152732694704104,0,0,29.631849104125,0,1.1926369820825,2
user_000632,34978,2009-04-27 00:00:00+00:00,2149,afternoon,42.449029126213595,1,824,473,0,0,1,1887,,m,United Kingdom,1.0,0.0,0.0,140.0,30,music,music,1,1,0,0,0,free,,0,1,1,12.537687927573636,-1.0,6.161207321695077,0,0,30.0,0,1.2,1
user_000633,9241,2009-05-01 00:00:00+00:00,892,night,35.136882129277566,1,263,469,0,0,1,940,,f,,0.9374031654528612,0.0,0.0,124.67207363343083,30,music,music,1,1,0,0,0,free,,1,1,1,9.32039990653292,-0.9374031654528612,6.152732694704104,0,0,28.122094963585834,0,1.1624418992717167,3
user_000642,1200,2009-04-30 00:00:00+00:00,261,afternoon,21.05263157894737,1,57,470,3,1,4,31566,,f,Canada,1.0,0.0,0.6,96.31578947368422,30,music,music,1,1,1,1,0,free,,0,1,1,4.3050973057854165,-1.0,6.154858094016418,0,0,30.0,1,1.2,1
user_000645,3742,2009-05-01 00:00:00+00:00,538,afternoon,29.6984126984127,1,126,469,0,0,1,1579,,m,Hungary,0.9332753831216319,0.0,0.0,112.53407402761648,30,music,music,1,1,0,0,0,free,,0,1,1,7.110815687459319,-0.9332753831216319,6.152732694704104,0,0,27.998261493648958,0,1.159965229872979,1
user_000648,14356,2008-04-27 00:00:00+00:00,339,afternoon,78.44808743169399,1,183,838,0,0,1,144,,f,Netherlands,1.0,0.0,0.0,140.0,30,music,music,1,1,0,0,0,free,,0,1,1,13.090264887291012,-1.0,6.732210706467206,0,0,30.0,0,1.2,1
user_000650,15836,2009-06-19 00:00:00+00:00,709,evening,74.34741784037558,1,213,420,3,0,2,15628,,m,United States,1.0,0.0,0.6,140.0,30,music,music,1,1,1,0,0,free,,1,1,1,24.72360688278523,-1.0,6.042632833682381,0,0,30.0,1,1.2,2
user_000651,59150,2009-06-19 00:00:00+00:00,2159,night,119.4949494949495,1,495,420,0,0,1,4142,,m,United States,1.0,0.0,0.0,140.0,30,music,music,1,1,0,0,0,free,,1,1,1,39.737037836800305,-1.0,6.042632833682381,0,0,30.0,0,1.2,3
user_000652,8244,2009-05-04 00:00:00+00:00,911,night,30.533333333333335,1,270,466,0,0,1,5276,,m,Germany,1.0,0.0,0.0,117.17333333333335,30,music,music,1,1,0,0,0,free,,1,1,1,7.661011658339282,-1.0,6.1463292576688975,0,0,30.0,0,1.2,3
user_000653,18485,2009-04-30 00:00:00+00:00,599,evening,29.481658692185007,1,627,470,3,0,1,9847,,m,Brazil,1.0,0.0,0.6,114.85964912280703,30,music,music,1,1,0,0,0,free,,1,1,1,7.189496757840178,-1.0,6.154858094016418,0,0,30.0,1,1.2,2
user_000655,10702,2008-07-30 00:00:00+00:00,3582,afternoon,49.776744186046514,1,215,744,3,1,3,13040,,m,Portugal,1.0,0.0,0.6,140.0,30,music,music,1,1,1,0,0,free,,0,1,1,9.35401904167317,-1.0,6.61338421837956,0,0,30.0,1,1.2,1
user_000656,664,2009-05-03 00:00:00+00:00,140,evening,60.36363636363637,1,11,467,3,0,1,12565,,f,United States,1.0,0.0,0.6,140.0,30,music,music,1,1,0,0,0,free,,1,1,1,18.05749805749806,-1.0,6.148468295917647,0,0,30.0,1,1.2,2
user_000662,10859,2008-12-09 00:00:00+00:00,528,night,34.473015873015875,1,315,612,0,0,1,5547,,f,United States,1.0,0.0,0.0,125.84063492063493,30,music,music,1,1,0,0,0,free,,1,1,1,7.0768453590366125,-1.0,6.418364935936212,0,0,30.0,0,1.2,3
user_000665,16186,2009-05-01 00:00:00+00:00,367,evening,31.67514677103718,1,511,469,0,0,1,1996,,f,Czech Republic,0.958017953964093,0.0,0.0,117.9220769627737,30,music,music,1,1,0,0,0,free,,1,1,1,7.947232117747658,-0.958017953964093,6.152732694704104,0,0,28.740538618922788,0,1.1748107723784558,2
user_000666,5318,2009-05-03 00:00:00+00:00,875,morning,120.86363636363636,1,44,467,0,0,1,226,,m,Poland,1.0,0.0,0.0,140.0,30,music,music,1,1,0,0,0,free,,0,1,1,36.155788655788655,-1.0,6.148468295917647,0,0,30.0,0,1.2,0
user_000669,6487,2009-04-21 00:00:00+00:00,810,afternoon,28.082251082251084,1,231,479,0,0,1,2219,,m,Colombia,0.9422829426111543,0.0,0.0,109.35683597062086,30,music,music,1,1,0,0,0,free,,0,1,1,6.397887761015671,-0.9422829426111543,6.173786103901937,0,0,28.26848827833463,0,1.1653697655666926,1
user_000671,25450,2009-04-28 00:00:00+00:00,819,afternoon,73.13218390804597,1,348,472,3,0,1,10503,,m,Czech Republic,1.0,0.0,0.6,140.0,30,music,music,1,1,0,0,0,free,,0,1,1,21.645889528808535,-1.0,6.159095388491933,0,0,30.0,1,1.2,1
user_000672,17161,2009-05-01 00:00:00+00:00,129,night,199.54651162790697,1,86,469,3,0,1,9966,,m,United States,1.0,0.0,0.6,140.0,30,music,music,1,1,0,0,0,free,,1,1,1,59.43938644235527,-1.0,6.152732694704104,0,0,30.0,1,1.2,3
user_000674,1141,2009-05-04 00:00:00+00:00,161,evening,19.338983050847457,1,59,466,0,0,1,2212,,f,Poland,0.8896496370078925,0.0,0.0,87.9110474661959,30,music,music,1,1,0,0,0,free,,1,1,1,3.640493055526785,-0.8896496370078925,6.1463292576688975,0,0,26.689489110236774,0,1.1337897822047356,2
user_000676,10250,2009-05-04 00:00:00+00:00,319,evening,54.52127659574468,1,188,466,0,0,1,4871,,m,Netherlands,1.0,0.0,0.0,140.0,30,music,music,1,1,0,0,0,free,,1,1,1,16.344708187161146,-1.0,6.1463292576688975,0,0,30.0,0,1.2,2
user_000678,3787,2009-06-15 00:00:00+00:00,733,afternoon,25.246666666666666,1,150,424,0,0,1,3103,,m,United Kingdom,0.9437045784716711,0.0,0.0,103.17825896247686,30,music,music,1,1,0,0,0,free,,0,1,1,6.129193202994507,-0.9437045784716711,6.052089168924417,0,0,28.311137354150134,0,1.1662227470830027,1
user_000679,950,2009-04-30 00:00:00+00:00,473,evening,38.0,1,25,470,3,0,1,11466,,f,United States,1.0,0.0,0.6,133.60000000000002,30,music,music,1,1,0,0,0,free,,1,1,1,10.778768577494695,-1.0,6.154858094016418,0,0,30.0,1,1.2,2
user_000680,59744,2009-04-30 00:00:00+00:00,1410,evening,87.98821796759941,1,679,470,3,1,4,24146,,,,1.0,0.0,0.6,140.0,30,music,music,1,1,1,1,0,free,,1,1,1,26.153610436229123,-1.0,6.154858094016418,0,0,30.0,1,1.2,2
user_000681,23026,2009-05-03 00:00:00+00:00,3023,afternoon,125.1413043478261,1,184,467,0,0,1,1554,,m,United States,1.0,0.0,0.0,140.0,30,music,music,1,1,0,0,0,free,,0,1,1,37.43543292456336,-1.0,6.148468295917647,0,0,30.0,0,1.2,1
user_000682,4500,2009-05-01 00:00:00+00:00,224,afternoon,45.91836734693877,1,98,469,0,0,1,492,,f,Norway,0.9665382086539805,0.0,0.0,140.0,30,music,music,1,1,0,0,0,free,,0,1,1,13.677811550151976,-0.9665382086539805,6.152732694704104,0,0,28.996146259619415,0,1.1799229251923884,1
user_000683,9836,2009-04-28 00:00:00+00:00,147,afternoon,34.034602076124564,1,289,472,0,0,1,123,,f,United Kingdom,0.8193230985650244,0.060676901434975616,0.0,117.28769470720508,30,music,music,1,1,0,0,0,free,,0,1,1,8.439408071428554,-0.7586461971300488,6.532810212308069,0,0,24.57969295695073,0,1.0915938591390146,1
user_000684,55186,2009-05-02 00:00:00+00:00,1907,afternoon,95.97565217391305,1,575,468,0,0,1,858,,m,Canada,1.0,0.0,0.0,140.0,30,music,music,1,1,0,0,0,free,,0,1,1,28.6494484101233,-1.0,6.150602768446279,0,0,30.0,0,1.2,1
user_000685,84442,2009-05-23 00:00:00+00:00,3447,evening,77.54086317722681,1,1089,447,0,0,1,3848,,m,Norway,1.0,0.0,0.0,140.0,30,music,music,1,1,0,0,0,free,,1,1,1,24.231519742883375,-1.0,6.104793232414985,0,0,30.0,0,1.2,2
user_000686,5,2009-05-02 00:00:00+00:00,5,evening,1.6666666666666667,1,3,468,0,0,1,294,,f,United States,0.6727836445986901,0.2072163554013099,0.0,39.92357973981166,30,music,music,1,1,0,0,0,free,,1,1,1,0.14187483916066687,-0.4655672891973802,7.425108257644925,0,0,20.183509337960704,0,1.003670186759214,2
user_000687,5125,2009-06-08 00:00:00+00:00,606,afternoon,35.59027777777778,1,144,431,0,0,1,4677,,f,United Kingdom,1.0,0.0,0.0,128.29861111111111,30,music,music,1,1,0,0,0,free,,0,1,1,10.56986853691558,-1.0,6.068425588244111,0,0,30.0,0,1.2,1
user_000688,5846,2009-05-04 00:00:00+00:00,411,evening,57.31372549019608,1,102,466,0,0,1,3699,,f,United Kingdom,1.0,0.0,0.0,140.0,30,music,music,1,1,0,0,0,free,,1,1,1,17.18184490070118,-1.0,6.1463292576688975,0,0,30.0,0,1.2,2
user_000689,29964,2007-08-26 00:00:00+00:00,2108,night,74.53731343283582,1,402,1083,0,0,1,2923,,m,United Kingdom,1.0,0.0,0.0,140.0,30,music,music,1,1,0,0,0,free,,1,1,1,9.626590295753703,-1.0,6.988413181999592,0,0,30.0,0,1.2,3
user_000690,18720,2009-05-03 00:00:00+00:00,2168,night,63.24324324324324,1,296,467,3,0,1,10088,,m,United Kingdom,1.0,0.0,0.6,140.0,30,music,music,1,1,0,0,0,free,,1,1,1,18.918918918918916,-1.0,6.148468295917647,0,0,30.0,1,1.2,3
user_000691,94099,2008-08-14 00:00:00+00:00,4138,night,258.5137362637363,1,364,729,3,0,2,17692,,m,United States,1.0,0.0,0.6,140.0,30,music,music,1,1,1,0,0,free,,1,1,1,49.57797681770285,-1.0,6.593044534142437,0,0,30.0,1,1.2,3
user_000692,5901,2009-05-02 00:00:00+00:00,1410,afternoon,105.375,1,56,468,3,0,1,8161,,f,Romania,1.0,0.0,0.6,140.0,30,music,music,1,1,0,0,0,free,,0,1,1,31.455223880597014,-1.0,6.150602768446279,0,0,30.0,1,1.2,1
user_000693,2524,2008-07-22 00:00:00+00:00,168,night,22.140350877192983,1,114,752,0,0,1,5412,,m,United States,0.9556528363369916,0.0,0.0,96.84619105597821,30,music,music,1,1,0,0,0,free,,1,1,1,2.8475546495338993,-0.9556528363369916,6.6240652277998935,0,0,28.66958509010975,0,1.1733917018021949,3
user_000694,7530,2008-12-22 00:00:00+00:00,1562,afternoon,32.04255319148936,1,235,599,0,0,1,1731,,m,United Kingdom,0.9523920840506672,0.0,0.0,118.49408455140463,30,music,music,1,1,0,0,0,free,,0,1,1,6.328088345192034,-0.9523920840506672,6.396929655216146,0,0,28.571762521520018,0,1.1714352504304002,1
user_000695,18297,2009-04-26 00:00:00+00:00,1388,night,35.87647058823529,1,510,474,0,0,1,3127,,m,Australia,1.0,0.0,0.0,128.92823529411766,30,music,music,1,1,0,0,0,free,,1,1,1,9.737873771626298,-1.0,6.163314804034641,0,0,30.0,0,1.2,3
user_000697,12594,2009-05-03 00:00:00+00:00,583,night,32.882506527415146,1,383,467,3,1,3,18971,,f,United States,1.0,0.0,0.6,122.34151436031333,30,music,music,1,1,1,0,0,free,,1,1,1,8.595930864373626,-1.0,6.148468295917647,0,0,30.0,1,1.2,3
user_000698,2915,2009-04-26 00:00:00+00:00,376,evening,26.5,1,110,474,0,0,1,1500,,,,0.9112637757398404,0.0,0.0,104.5730785810733,30,music,music,1,1,0,0,0,free,,1,1,1,5.8340770155756685,-0.9112637757398404,6.163314804034641,0,0,27.337913272195212,0,1.1467582654439041,2
user_000700,20824,2009-05-02 00:00:00+00:00,551,afternoon,63.877300613496935,1,326,468,0,0,1,892,,m,Belarus,1.0,0.0,0.0,140.0,30,music,music,1,1,0,0,0,free,,0,1,1,19.06785092940207,-1.0,6.150602768446279,0,0,30.0,0,1.2,1
user_000702,79346,2009-01-04 00:00:00+00:00,6505,afternoon,119.67722473604826,1,663,586,0,0,1,4754,,m,Poland,1.0,0.0,0.0,140.0,30,music,music,1,1,0,0,0,free,,0,1,1,28.543120039261936,-1.0,6.375024819828097,0,0,30.0,0,1.2,1
user_000703,20654,2009-04-28 00:00:00+00:00,1656,evening,42.06517311608961,1,491,472,0,0,1,5141,,f,United States,1.0,0.0,0.0,140.0,30,music,music,1,1,0,0,0,free,,1,1,1,12.450579780660773,-1.0,6.159095388491933,0,0,30.0,0,1.2,2
user_000704,16738,2009-05-03 00:00:00+00:00,259,morning,55.42384105960265,1,302,467,0,0,1,4457,,f,Australia,1.0,0.0,0.0,140.0,30,music,music,1,1,0,0,0,free,,0,1,1,16.579781513556348,-1.0,6.148468295917647,0,0,30.0,0,1.2,0
user_000705,20208,2009-05-03 00:00:00+00:00,1179,morning,38.12830188679245,1,530,467,0,0,1,5780,,f,India,1.0,0.0,0.0,133.8822641509434,30,music,music,1,1,0,0,0,free,,0,1,1,10.907485865030898,-1.0,6.148468295917647,0,0,30.0,0,1.2,0
user_000708,11457,2009-05-02 00:00:00+00:00,1033,night,57.86363636363637,1,198,468,0,0,1,1234,,,,1.0,0.0,0.0,140.0,30,music,music,1,1,0,0,0,free,,1,1,1,17.272727272727273,-1.0,6.150602768446279,0,0,30.0,0,1.2,3
user_000709,92624,2009-03-16 00:00:00+00:00,3327,evening,87.13452492944496,1,1063,515,3,1,2,9462,,m,Canada,1.0,0.0,0.6,140.0,30,music,music,1,1,0,0,0,free,,1,1,1,23.64115017465561,-1.0,6.246106765481563,0,0,30.0,1,1.2,2
user_000710,7376,2009-05-03 00:00:00+00:00,628,afternoon,216.94117647058823,1,34,467,3,1,3,17013,,m,Estonia,1.0,0.0,0.6,140.0,30,music,music,1,1,1,0,0,free,,0,1,1,64.89693313222725,-1.0,6.148468295917647,0,0,30.0,1,1.2,1
user_000711,5947,2009-03-12 00:00:00+00:00,189,night,72.52439024390245,1,82,519,0,0,1,6021,,m,United States,1.0,0.0,0.0,140.0,30,music,music,1,1,0,0,0,free,,1,1,1,19.52579737335835,-1.0,6.253828811575473,0,0,30.0,0,1.2,3
user_000712,13755,2009-05-03 00:00:00+00:00,302,afternoon,22.329545454545453,1,616,467,0,0,1,4042,,m,Poland,0.9407380975575153,0.0,0.0,96.63600009741563,30,music,music,1,1,0,0,0,free,,0,1,1,4.610764864787823,-0.9407380975575153,6.148468295917647,0,0,28.222142926725457,0,1.164442858534509,1
user_000713,9767,2008-12-29 00:00:00+00:00,277,afternoon,20.86965811965812,1,468,592,3,0,1,11470,,f,Norway,0.9893347051834185,0.0,0.6,95.46530548095144,30,music,music,1,1,0,0,0,free,,0,1,1,3.359744161342632,-0.9893347051834185,6.385194398997726,0,0,29.680041155502554,1,1.193600823110051,1
user_000714,644,2006-11-01 00:00:00+00:00,103,night,22.20689655172414,1,29,1381,0,1,2,5414,,m,Colombia,0.9560724280792748,0.0,0.0,97.01021439312265,30,music,music,1,1,0,0,0,free,,1,1,1,1.5588247434794897,-0.9560724280792748,7.231287004327616,0,0,28.682172842378247,0,1.1736434568475649,3
user_000717,3850,2009-04-26 00:00:00+00:00,798,evening,50.6578947368421,1,76,474,0,0,1,2206,,,,1.0,0.0,0.0,140.0,30,music,music,1,1,0,0,0,free,,1,1,1,14.930747922437671,-1.0,6.163314804034641,0,0,30.0,0,1.2,2
user_000720,3048,2009-05-04 00:00:00+00:00,408,evening,43.542857142857144,1,70,466,0,0,1,925,,f,Norway,0.9869552257626827,0.0,0.0,140.0,30,music,music,1,1,0,0,0,free,,1,1,1,13.05353319057816,-0.9869552257626827,6.1463292576688975,0,0,29.60865677288048,0,1.1921731354576097,2
user_000722,42933,2008-09-21 00:00:00+00:00,2622,night,63.510355029585796,1,676,691,0,0,1,4172,,m,Turkey,1.0,0.0,0.0,140.0,30,music,music,1,1,0,0,0,free,,1,1,1,12.848915757430651,-1.0,6.539585955617669,0,0,30.0,0,1.2,3
user_000724,5136,2009-06-19 00:00:00+00:00,79,night,95.11111111111111,1,54,420,3,0,1,6502,,m,United States,1.0,0.0,0.6,140.0,30,music,music,1,1,0,0,0,free,,1,1,1,31.628397994193723,-1.0,6.042632833682381,0,0,30.0,1,1.2,3
user_000725,3040,2009-05-02 00:00:00+00:00,919,afternoon,33.04347826086956,1,92,468,3,1,3,13098,,f,Turkey,1.0,0.0,0.6,122.69565217391305,30,music,music,1,1,1,0,0,free,,0,1,1,8.644543955888931,-1.0,6.150602768446279,0,0,30.0,1,1.2,1
user_000729,34534,2009-04-29 00:00:00+00:00,741,evening,54.21350078492936,1,637,471,0,0,1,131,,m,Ireland,0.9438351104518266,0.0,0.0,140.0,30,music,music,1,1,0,0,0,free,,1,1,1,16.080275656546846,-0.9438351104518266,6.156978985585555,0,0,28.315053313554795,0,1.166301066271096,2
user_000731,1486,2009-05-03 00:00:00+00:00,474,night,37.15,1,40,467,0,0,1,2443,,m,Tunisia,1.0,0.0,0.0,131.73000000000002,30,music,music,1,1,0,0,0,free,,1,1,1,10.456772435897436,-1.0,6.148468295917647,0,0,30.0,0,1.2,3
user_000732,8866,2009-06-19 00:00:00+00:00,596,evening,32.476190476190474,1,273,420,0,0,1,2268,,f,Finland,0.9698473395200341,0.0,0.0,120.18120730746048,30,music,music,1,1,0,0,0,free,,1,1,1,9.270849834146368,-0.9698473395200341,6.042632833682381,0,0,29.09542018560102,0,1.1819084037120204,2
user_000733,10429,2009-05-21 00:00:00+00:00,2313,afternoon,23.8649885583524,1,437,449,3,1,4,29330,,m,United Kingdom,1.0,0.0,0.6,102.50297482837529,30,music,music,1,1,1,1,0,free,,0,1,1,5.436071825502801,-1.0,6.1092475827643655,0,0,30.0,1,1.2,1
user_000741,2250,2009-05-01 00:00:00+00:00,375,night,36.29032258064516,1,62,469,3,1,4,44317,,m,United States,1.0,0.0,0.6,129.83870967741936,30,music,music,1,1,1,1,0,free,,1,1,1,10.025295016272942,-1.0,6.152732694704104,0,0,30.0,1,1.2,3
user_000743,2014,2009-04-30 00:00:00+00:00,773,evening,31.46875,1,64,470,0,0,1,1485,,m,United Kingdom,0.9405238773902738,0.0,0.0,116.7332528503915,30,music,music,1,1,0,0,0,free,,1,1,1,7.799255946148105,-0.9405238773902738,6.154858094016418,0,0,28.215716321708214,0,1.1643143264341642,2
user_000744,9082,2009-05-03 00:00:00+00:00,479,evening,28.38125,1,320,467,0,0,1,450,,m,United States,0.8564182036726473,0.02358179632735269,0.0,106.40831455425118,30,music,music,1,1,0,0,0,free,,1,1,1,6.452993541544533,-0.8328364073452946,6.293460222997162,0,0,25.69254611017942,0,1.1138509222035884,2
user_000747,50742,2009-04-30 00:00:00+00:00,1538,evening,82.10679611650485,1,618,470,0,0,1,12,,f,Poland,0.9837129913594136,0.0,0.0,140.0,30,music,music,1,1,0,0,0,free,,1,1,1,24.405417104693583,-0.9837129913594136,6.154858094016418,0,0,29.51138974078241,0,1.190227794815648,2
user_000749,3463,2009-04-19 00:00:00+00:00,1166,evening,31.1981981981982,1,111,481,3,1,4,27951,,f,Portugal,1.0,0.0,0.6,118.63603603603605,30,music,music,1,1,1,1,0,free,,1,1,1,7.678901588590947,-1.0,6.1779441140506,0,0,30.0,1,1.2,2
user_000750,22719,2009-05-04 00:00:00+00:00,4571,afternoon,38.18319327731093,1,595,466,3,0,1,10527,,m,Italy,1.0,0.0,0.6,134.00302521008405,30,music,music,1,1,0,0,0,free,,0,1,1,10.956452700944343,-1.0,6.1463292576688975,0,0,30.0,1,1.2,1
user_000752,3772,2009-05-01 00:00:00+00:00,756,night,21.930232558139537,1,172,469,3,1,4,50837,,m,United States,1.0,0.0,0.6,98.24651162790698,30,music,music,1,1,1,1,0,free,,1,1,1,4.584189038353108,-1.0,6.152732694704104,0,0,30.0,1,1.2,3
user_000755,3112,2009-04-25 00:00:00+00:00,332,night,33.46236559139785,1,93,475,3,0,1,10407,,m,United Kingdom,1.0,0.0,0.6,123.61720430107528,30,music,music,1,1,0,0,0,free,,1,1,1,8.690176646447688,-1.0,6.16541785423142,0,0,30.0,1,1.2,3
user_000756,9331,2009-05-01 00:00:00+00:00,1335,evening,41.1057268722467,1,227,469,3,0,2,23568,,m,United States,1.0,0.0,0.6,140.0,30,music,music,1,1,1,0,0,free,,1,1,1,12.244259068328805,-1.0,6.152732694704104,0,0,30.0,1,1.2,2
user_000758,6996,2009-04-27 00:00:00+00:00,328,night,21.726708074534162,1,322,473,0,1,2,5172,,f,United States,0.9506766922973983,0.0,0.0,95.72717884046588,30,music,music,1,1,0,0,0,free,,1,1,1,4.387840652880857,-0.9506766922973983,6.161207321695077,0,0,28.52030076892195,0,1.1704060153784388,3
user_000760,16097,2009-01-31 00:00:00+00:00,967,afternoon,42.249343832021,1,381,559,0,0,1,3312,,,Lithuania,1.0,0.0,0.0,140.0,30,music,music,1,1,0,0,0,free,,0,1,1,10.56233595800525,-1.0,6.327936783729195,0,0,30.0,0,1.2,1
user_000763,4018,2009-04-27 00:00:00+00:00,1240,evening,22.829545454545453,1,176,473,0,0,1,6347,,,,0.968551502217819,0.0,0.0,98.90416309314841,30,music,music,1,1,0,0,0,free,,1,1,1,4.763580352275968,-0.968551502217819,6.161207321695077,0,0,29.05654506653457,0,1.1811309013306914,2
user_000764,3315,2009-05-15 00:00:00+00:00,279,afternoon,22.705479452054796,1,146,455,3,1,4,23978,,m,United Kingdom,1.0,0.0,0.6,99.95205479452056,30,music,music,1,1,1,1,0,free,,0,1,1,4.976884487560618,-1.0,6.1224928095143865,0,0,30.0,1,1.2,1
user_000765,3634,2009-05-02 00:00:00+00:00,1000,afternoon,21.251461988304094,1,171,468,3,0,2,20806,,f,Germany,1.0,0.0,0.6,96.75321637426902,30,music,music,1,1,1,0,0,free,,0,1,1,4.384109381714157,-1.0,6.150602768446279,0,0,30.0,1,1.2,1
user_000768,10822,2008-09-25 00:00:00+00:00,725,afternoon,35.13636363636363,1,308,687,3,0,1,8985,,m,Romania,1.0,0.0,0.6,127.3,30,music,music,1,1,0,0,0,free,,0,1,1,6.501248678646935,-1.0,6.5337888379333435,0,0,30.0,1,1.2,1
user_000769,5376,2009-05-01 00:00:00+00:00,133,afternoon,55.422680412371136,1,97,469,3,0,1,11603,,m,Japan,1.0,0.0,0.6,140.0,30,music,music,1,1,0,0,0,free,,0,1,1,16.508883527089274,-1.0,6.152732694704104,0,0,30.0,1,1.2,1
user_000772,22684,2009-04-07 00:00:00+00:00,772,night,54.00952380952381,1,420,493,3,0,1,9292,,f,Canada,1.0,0.0,0.6,140.0,30,music,music,1,1,0,0,0,free,,1,1,1,15.306342780026991,-1.0,6.202535517187923,0,0,30.0,1,1.2,3
user_000774,78093,2009-04-29 00:00:00+00:00,8398,night,91.01748251748252,1,858,471,0,0,1,5773,,m,United States,1.0,0.0,0.0,140.0,30,music,music,1,1,0,0,0,free,,1,1,1,26.996710916202442,-1.0,6.156978985585555,0,0,30.0,0,1.2,3
user_000775,2302,2009-05-03 00:00:00+00:00,544,afternoon,27.404761904761905,1,84,467,3,0,2,17311,,m,Finland,1.0,0.0,0.6,110.2904761904762,30,music,music,1,1,1,0,0,free,,0,1,1,6.458299658894898,-1.0,6.148468295917647,0,0,30.0,1,1.2,1
user_000777,625,2009-05-21 00:00:00+00:00,73,evening,13.297872340425531,1,47,449,3,1,4,28952,,m,Sweden,0.9948258347941917,0.0,0.6,79.03800421029223,30,music,music,1,1,1,1,0,free,,1,1,1,2.3356384222899593,-0.9948258347941917,6.1092475827643655,0,0,29.844775043825752,1,1.196895500876515,2
user_000779,27292,2008-01-30 00:00:00+00:00,1475,night,65.76385542168674,1,415,926,0,0,1,2575,,f,,1.0,0.0,0.0,140.0,30,music,music,1,1,0,0,0,free,,1,1,1,9.931973850092929,-1.0,6.831953565565855,0,0,30.0,0,1.2,3
user_000780,21629,2009-05-04 00:00:00+00:00,1412,afternoon,46.9175704989154,1,461,466,3,0,2,14205,,f,Lithuania,1.0,0.0,0.6,140.0,30,music,music,1,1,1,0,0,free,,0,1,1,14.065224560702692,-1.0,6.1463292576688975,0,0,30.0,1,1.2,1
user_000782,3911,2009-06-14 00:00:00+00:00,223,night,28.97037037037037,1,135,425,0,0,1,3046,,f,United States,0.9650274250664361,0.0,0.0,112.26596666760514,30,music,music,1,1,0,0,0,free,,1,1,1,7.634710409268019,-0.9650274250664361,6.054439346269371,0,0,28.950822751993083,0,1.1790164550398616,3
user_000783,63609,2009-04-28 00:00:00+00:00,1721,afternoon,62.1181640625,1,1024,472,0,0,1,4741,,m,United States,1.0,0.0,0.0,140.0,30,music,music,1,1,0,0,0,free,,0,1,1,18.385925938160675,-1.0,6.159095388491933,0,0,30.0,0,1.2,1
user_000785,75,2009-05-01 00:00:00+00:00,73,morning,10.714285714285714,1,7,469,3,0,2,13833,,,,0.9387043677895434,0.0,0.6,70.99701201858939,30,music,music,1,1,1,0,0,free,,0,1,1,1.6184729183569009,-0.9387043677895434,6.152732694704104,0,0,28.1611310336863,1,1.163222620673726,0
user_000787,55012,2009-04-30 00:00:00+00:00,918,afternoon,130.05200945626478,1,423,470,0,0,1,3829,,f,United Kingdom,1.0,0.0,0.0,140.0,30,music,music,1,1,0,0,0,free,,0,1,1,38.6566482460235,-1.0,6.154858094016418,0,0,30.0,0,1.2,1
user_000789,19577,2009-04-26 00:00:00+00:00,996,night,37.28952380952381,1,525,474,0,0,1,190,,f,United States,0.8626121813997074,0.017387818600292593,0.0,126.2666639997401,30,music,music,1,1,0,0,0,free,,1,1,1,9.912471102247267,-0.8452243627994148,6.270481403823694,0,0,25.87836544199122,0,1.1175673088398244,3
user_000790,47081,2009-04-28 00:00:00+00:00,2200,evening,63.111260053619304,1,746,472,0,0,1,1241,,f,,1.0,0.0,0.0,140.0,30,music,music,1,1,0,0,0,free,,1,1,1,18.679865554982456,-1.0,6.159095388491933,0,0,30.0,0,1.2,2
user_000791,24273,2009-04-30 00:00:00+00:00,1472,afternoon,307.253164556962,1,79,470,3,1,3,16197,,m,United Kingdom,1.0,0.0,0.6,140.0,30,music,music,1,1,1,0,0,free,,0,1,1,91.32790453922438,-1.0,6.154858094016418,0,0,30.0,1,1.2,1
user_000792,48149,2009-05-22 00:00:00+00:00,2510,evening,36.504169825625475,1,1319,448,0,0,1,1851,,m,,0.9828461967900897,0.0,0.0,129.58871388155984,30,music,music,1,1,0,0,0,free,,1,1,1,10.535698037899442,-0.9828461967900897,6.1070228877422545,0,0,29.48538590370269,0,1.1897077180740538,2
user_000793,17438,2009-04-28 00:00:00+00:00,746,afternoon,68.1171875,1,256,472,0,0,1,2836,,m,China,1.0,0.0,0.0,140.0,30,music,music,1,1,0,0,0,free,,0,1,1,20.161535412262158,-1.0,6.159095388491933,0,0,30.0,0,1.2,1
user_000794,25963,2009-04-29 00:00:00+00:00,770,night,62.71256038647343,1,414,471,3,0,2,14609,,f,Iceland,1.0,0.0,0.6,140.0,30,music,music,1,1,1,0,0,free,,1,1,1,18.60118316547941,-1.0,6.156978985585555,0,0,30.0,1,1.2,3
user_000795,6260,2009-05-01 00:00:00+00:00,281,evening,57.96296296296296,1,108,469,0,0,1,2267,,f,United States,1.0,0.0,0.0,140.0,30,music,music,1,1,0,0,0,free,,1,1,1,17.2655634357762,-1.0,6.152732694704104,0,0,30.0,0,1.2,2
user_000796,731,2009-04-30 00:00:00+00:00,49,evening,12.389830508474576,1,59,470,0,0,1,1688,,f,Croatia,0.8330930384752764,0.04690696152472362,0.0,70.24753473460567,30,music,music,1,1,0,0,0,free,,1,1,1,1.8478875774945749,-0.7861860769505528,6.4435637858225805,0,0,24.992791154258292,0,1.0998558230851658,2
user_000799,3336,2009-06-10 00:00:00+00:00,303,afternoon,14.56768558951965,1,229,429,3,1,4,26012,,m,Germany,0.9965554565996078,0.0,0.6,81.90423747412676,30,music,music,1,1,1,1,0,free,,0,1,1,2.7747794883079804,-0.9965554565996078,6.063785208687608,0,0,29.89666369798823,1,1.1979332739597646,1
user_000800,37389,2009-04-29 00:00:00+00:00,2236,evening,109.32456140350877,1,342,471,0,0,1,1241,,,Russian Federation,1.0,0.0,0.0,140.0,30,music,music,1,1,0,0,0,free,,1,1,1,32.426776687481414,-1.0,6.156978985585555,0,0,30.0,0,1.2,2
user_000802,59903,2009-06-19 00:00:00+00:00,467,evening,94.03924646781789,1,637,420,0,0,1,3731,,f,United Kingdom,1.0,0.0,0.0,140.0,30,music,music,1,1,0,0,0,free,,1,1,1,31.271958445355114,-1.0,6.042632833682381,0,0,30.0,0,1.2,2
user_000803,22006,2009-05-21 00:00:00+00:00,520,afternoon,32.84477611940299,1,670,449,0,0,1,372,,m,Norway,0.8727554697968278,0.0072445302031721726,0.0,116.91423719415334,30,music,music,1,1,0,0,0,free,,0,1,1,8.533382101806097,-0.8655109395936557,6.1535062113963575,0,0,26.182664093904833,0,1.1236532818780967,1
user_000804,7077,2009-05-23 00:00:00+00:00,539,afternoon,64.92660550458716,1,109,447,3,0,2,15083,,m,Norway,1.0,0.0,0.6,140.0,30,music,music,1,1,1,0,0,free,,0,1,1,20.289564220183486,-1.0,6.104793232414985,0,0,30.0,1,1.2,1
user_000806,13579,2009-05-04 00:00:00+00:00,368,evening,26.16377649325626,1,519,466,0,0,1,1449,,,,0.9073451949073417,0.0,0.0,103.66880647127213,30,music,music,1,1,0,0,0,free,,1,1,1,5.808067412927199,-0.9073451949073417,6.1463292576688975,0,0,27.22035584722025,0,1.144407116944405,2
user_000808,28702,2008-08-13 00:00:00+00:00,228,night,337.67058823529413,1,85,730,0,0,1,4562,,m,Russian Federation,1.0,0.0,0.0,140.0,30,music,music,1,1,0,0,0,free,,1,1,1,64.67015369759396,-1.0,6.594413459749778,0,0,30.0,0,1.2,3
user_000809,5627,2009-06-17 00:00:00+00:00,511,afternoon,24.04700854700855,1,234,422,3,0,2,14286,,m,Finland,1.0,0.0,0.6,102.90341880341882,30,music,music,1,1,1,0,0,free,,0,1,1,5.849927639437855,-1.0,6.0473721790462776,0,0,30.0,1,1.2,1
user_000811,15925,2009-05-01 00:00:00+00:00,630,evening,61.25,1,260,469,0,0,1,5373,,f,United States,1.0,0.0,0.0,140.0,30,music,music,1,1,0,0,0,free,,1,1,1,18.24468085106383,-1.0,6.152732694704104,0,0,30.0,0,1.2,2
user_000813,3593,2009-05-04 00:00:00+00:00,653,night,39.922222222222224,1,90,466,0,0,1,160,,m,New Zealand,0.8690105734074789,0.010989426592521112,0.0,132.327332972003,30,music,music,1,1,0,0,0,free,,1,1,1,11.312208122017768,-0.8580211468149578,6.2138738918595156,0,0,26.070317202224366,0,1.1214063440444872,3
user_000814,24040,2009-04-29 00:00:00+00:00,523,afternoon,33.388888888888886,1,720,471,0,0,1,4205,,m,Germany,1.0,0.0,0.0,123.45555555555555,30,music,music,1,1,0,0,0,free,,0,1,1,8.733143701611215,-1.0,6.156978985585555,0,0,30.0,0,1.2,1
user_000815,12,2009-04-28 00:00:00+00:00,2,evening,6.0,0,2,472,3,1,4,48424,,f,United Kingdom,0.9793274318551358,0.14067256814486417,0.6,62.33175213791571,30,music,music,0,1,1,1,0,free,,1,0,1,0.7906776169714466,-0.8386548637102716,7.025511154240283,0,0,29.379822955654074,1,1.1875964591130814,2
user_000816,20921,2009-04-29 00:00:00+00:00,628,evening,32.84301412872841,1,637,471,0,0,1,5244,,m,United Kingdom,1.0,0.0,0.0,122.25463108320251,30,music,music,1,1,0,0,0,free,,1,1,1,8.506802067729025,-1.0,6.156978985585555,0,0,30.0,0,1.2,2
user_000818,7078,2009-06-12 00:00:00+00:00,319,afternoon,25.01060070671378,1,283,427,0,0,1,2914,,m,Finland,0.9388329846734353,0.0,0.0,102.4543069110546,30,music,music,1,1,0,0,0,free,,0,1,1,5.9870181327932075,-0.9388329846734353,6.059123195581797,0,0,28.16498954020306,0,1.1632997908040612,1
user_000825,19204,2009-04-30 00:00:00+00:00,501,evening,57.154761904761905,1,336,470,0,0,1,3164,,m,United Kingdom,1.0,0.0,0.0,140.0,30,music,music,1,1,0,0,0,free,,1,1,1,16.988676574663838,-1.0,6.154858094016418,0,0,30.0,0,1.2,2
user_000828,8016,2009-04-30 00:00:00+00:00,694,night,22.772727272727273,1,352,470,0,0,1,888,,,Japan,0.8600917115896284,0.019908288410371622,0.0,94.22385188676441,30,music,music,1,1,0,0,0,free,,1,1,1,4.5556986870554885,-0.8401834231792568,6.2773907840770065,0,0,25.80275134768885,0,1.116055026953777,3
user_000829,45869,2009-04-29 00:00:00+00:00,276,night,54.93293413173652,1,835,471,0,0,1,2101,,m,Peru,1.0,0.0,0.0,140.0,30,music,music,1,1,0,0,0,free,,1,1,1,16.29366690348117,-1.0,6.156978985585555,0,0,30.0,0,1.2,3
user_000830,35795,2009-03-03 00:00:00+00:00,2252,evening,44.63216957605985,1,802,528,0,0,1,2479,,m,Ireland,1.0,0.0,0.0,140.0,30,music,music,1,1,0,0,0,free,,1,1,1,11.811916333928883,-1.0,6.270988431858299,0,0,30.0,0,1.2,2
user_000831,11555,2009-06-15 00:00:00+00:00,379,evening,27.577565632458235,1,419,424,0,0,1,1580,,m,United Kingdom,0.9205850998412703,0.0,0.0,107.33521858474148,30,music,music,1,1,0,0,0,free,,1,1,1,6.964809494576374,-0.9205850998412703,6.052089168924417,0,0,27.61755299523811,0,1.1523510599047622,2
user_000833,40776,2009-05-23 00:00:00+00:00,288,night,78.26487523992323,1,521,447,0,0,1,5114,,f,United States,1.0,0.0,0.0,140.0,30,music,music,1,1,0,0,0,free,,1,1,1,24.457773512476006,-1.0,6.104793232414985,0,0,30.0,0,1.2,3
user_000834,6465,2009-06-18 00:00:00+00:00,334,evening,13.668076109936575,1,473,421,0,0,1,5516,,f,Italy,0.9058658798896031,0.0,0.0,76.11613439722379,30,music,music,1,1,0,0,0,free,,1,1,1,2.4653107064820285,-0.9058658798896031,6.045005314036012,0,0,27.175976396688093,0,1.1435195279337618,2
user_000835,38610,2009-05-03 00:00:00+00:00,1139,morning,87.55102040816327,1,441,467,3,0,1,6372,,f,Australia,1.0,0.0,0.6,140.0,30,music,music,1,1,0,0,0,free,,0,1,1,26.19047619047619,-1.0,6.148468295917647,0,0,30.0,1,1.2,0
user_000836,4062,2009-05-22 00:00:00+00:00,640,evening,15.44486692015209,1,263,448,0,0,1,63,,m,Norway,0.6714077711056944,0.20859222889430562,0.0,70.17783361077376,30,music,music,1,1,0,0,0,free,,1,1,1,2.414002897244938,-0.46281554221138876,7.38090040380495,0,0,20.14223313317083,0,1.0028446626634164,2
user_000837,61767,2009-04-28 00:00:00+00:00,2062,night,54.564487632508836,1,1132,472,3,0,1,7224,,f,United States,1.0,0.0,0.6,140.0,30,music,music,1,1,0,0,0,free,,1,1,1,16.15016547262418,-1.0,6.159095388491933,0,0,30.0,1,1.2,3
user_000838,10346,2009-04-30 00:00:00+00:00,822,evening,47.45871559633027,1,218,470,0,0,1,2259,,f,United Kingdom,1.0,0.0,0.0,140.0,30,music,music,1,1,0,0,0,free,,1,1,1,14.106624593389041,-1.0,6.154858094016418,0,0,30.0,0,1.2,2
user_000839,9997,2009-04-30 00:00:00+00:00,465,afternoon,35.20070422535211,1,284,470,0,0,1,653,,m,Greece,0.9177751296822586,0.0,0.0,123.98810474242951,30,music,music,1,1,0,0,0,free,,0,1,1,9.266387691083308,-0.9177751296822586,6.154858094016418,0,0,27.53325389046776,0,1.150665077809355,1
user_000840,8617,2008-06-04 00:00:00+00:00,1684,morning,31.221014492753625,1,276,800,0,0,1,3303,,f,Russian Federation,0.9829849893617695,0.0,0.0,117.97160143725229,30,music,music,1,1,0,0,0,free,,0,1,1,4.5982435433281,-0.9829849893617695,6.68586094706836,0,0,29.489549680853084,0,1.1897909936170616,0
user_000841,33850,2009-06-15 00:00:00+00:00,1764,afternoon,34.15741675075681,1,991,424,0,0,1,282,,m,Spain,0.8654440798749189,0.014555920125081112,0.0,119.49496820641158,30,music,music,1,1,0,0,0,free,,0,1,1,9.603857479164319,-0.8508881597498378,6.14018289545715,0,0,25.963322396247566,0,1.1192664479249512,1
user_000844,18380,2009-05-23 00:00:00+00:00,1694,afternoon,48.1151832460733,1,382,447,3,1,4,72094,,,Norway,1.0,0.0,0.6,140.0,30,music,music,1,1,1,1,0,free,,0,1,1,15.035994764397907,-1.0,6.104793232414985,0,0,30.0,1,1.2,1
user_000846,1074,2008-08-25 00:00:00+00:00,39,night,59.666666666666664,1,18,718,0,0,1,2898,,m,United Kingdom,1.0,0.0,0.0,140.0,30,music,music,1,1,0,0,0,free,,1,1,1,11.617987946221602,-1.0,6.577861357721047,0,0,30.0,0,1.2,3
user_000848,22582,2009-04-27 00:00:00+00:00,3057,afternoon,34.319148936170215,1,658,473,3,0,1,11483,,f,Poland,1.0,0.0,0.6,125.50212765957448,30,music,music,1,1,0,0,0,free,,0,1,1,9.0867641581333,-1.0,6.161207321695077,0,0,30.0,1,1.2,1
user_000849,6319,2008-12-20 00:00:00+00:00,218,night,83.14473684210526,1,76,601,0,0,1,2508,,m,United Kingdom,1.0,0.0,0.0,140.0,30,music,music,1,1,0,0,0,free,,1,1,1,19.335985312117504,-1.0,6.400257445308821,0,0,30.0,0,1.2,3
user_000853,1196,2009-05-04 00:00:00+00:00,76,afternoon,31.473684210526315,1,38,466,0,0,1,3806,,f,Morocco,0.9922949268641953,0.0,0.0,118.9184921914541,30,music,music,1,1,0,0,0,free,,0,1,1,8.014567601768235,-0.9922949268641953,6.1463292576688975,0,0,29.76884780592586,0,1.1953769561185172,1
user_000856,6,2007-06-21 00:00:00+00:00,3,night,3.0,0,2,1149,0,0,1,1339,,f,,0.7640233691119727,0.35597663088802733,0.0,46.68898150270285,30,music,music,0,1,0,0,0,free,,1,0,1,0.12179734305052917,-0.4080467382239453,9.556268657941418,0,0,22.92070107335918,0,1.0584140214671836,3
user_000860,1950,2009-06-17 00:00:00+00:00,335,morning,30.952380952380953,1,63,422,3,0,1,6379,,m,Turkey,1.0,0.0,0.6,118.0952380952381,30,music,music,1,1,0,0,0,free,,0,1,1,8.641439239210262,-1.0,6.0473721790462776,0,0,30.0,1,1.2,0
user_000861,100000,2008-08-10 00:00:00+00:00,3968,night,126.42225031605562,1,791,733,3,0,1,6388,,m,United States,1.0,0.0,0.6,140.0,30,music,music,1,1,0,0,0,free,,1,1,1,24.11323575510598,-1.0,6.598509028614515,0,0,30.0,1,1.2,3
user_000864,346,2009-05-23 00:00:00+00:00,54,afternoon,21.625,1,16,447,3,0,1,8945,,m,Norway,0.9801928981196036,0.0,0.6,96.74310172102335,30,music,music,1,1,0,0,0,free,,0,1,1,4.669798157850736,-0.9801928981196036,6.104793232414985,0,0,29.405786943588108,1,1.1881157388717623,1
user_000865,8017,2009-05-04 00:00:00+00:00,355,evening,154.17307692307693,1,52,466,3,0,2,16954,,f,Croatia,1.0,0.0,0.6,140.0,30,music,music,1,1,1,0,0,free,,1,1,1,46.2189095700873,-1.0,6.1463292576688975,0,0,30.0,1,1.2,2
user_000870,8990,2009-05-14 00:00:00+00:00,1130,afternoon,49.12568306010929,1,183,456,3,1,3,20928,,m,United Kingdom,1.0,0.0,0.6,140.0,30,music,music,1,1,1,0,0,free,,0,1,1,15.049443388217288,-1.0,6.124683390894205,0,0,30.0,1,1.2,1
user_000871,53657,2009-06-18 00:00:00+00:00,958,evening,52.09417475728155,1,1030,421,0,0,1,4870,,,Argentina,1.0,0.0,0.0,140.0,30,music,music,1,1,0,0,0,free,,1,1,1,17.282427644595774,-1.0,6.045005314036012,0,0,30.0,0,1.2,2
user_000873,1395,2009-05-08 00:00:00+00:00,451,afternoon,39.857142857142854,1,35,462,0,0,1,5907,,m,United Kingdom,1.0,0.0,0.0,137.68571428571428,30,music,music,1,1,0,0,0,free,,0,1,1,11.85261162780447,-1.0,6.137727054086234,0,0,30.0,0,1.2,1
user_000874,9407,2009-05-01 00:00:00+00:00,268,evening,42.56561085972851,1,221,469,0,0,1,298,,m,,0.9189180616948588,0.0,0.0,140.0,30,music,music,1,1,0,0,0,free,,1,1,1,12.679118128429767,-0.9189180616948588,6.152732694704104,0,0,27.567541850845764,0,1.1513508370169152,2
user_000877,7008,2009-06-18 00:00:00+00:00,1273,evening,48.33103448275862,1,145,421,3,0,1,8933,,m,,1.0,0.0,0.6,140.0,30,music,music,1,1,0,0,0,free,,1,1,1,16.03399248243177,-1.0,6.045005314036012,0,0,30.0,1,1.2,2
user_000881,9374,2009-05-01 00:00:00+00:00,762,evening,19.94468085106383,1,470,469,3,0,1,6184,,m,United States,0.9498116107718453,0.0,0.6,91.77038552475793,30,music,music,1,1,0,0,0,free,,1,1,1,3.8943213848306057,-0.9498116107718453,6.152732694704104,0,0,28.494348323155357,1,1.169886966463107,2
user_000882,13597,2009-04-27 00:00:00+00:00,1406,night,51.896946564885496,1,262,473,3,0,1,8033,,m,United States,1.0,0.0,0.6,140.0,30,music,music,1,1,0,0,0,free,,1,1,1,15.328212065577995,-1.0,6.161207321695077,0,0,30.0,1,1.2,3
user_000883,1757,2009-04-10 00:00:00+00:00,270,evening,20.430232558139537,1,86,490,0,0,1,2504,,m,Spain,0.9030138160923804,0.0,0.0,90.87309190378696,30,music,music,1,1,0,0,0,free,,1,1,1,3.78117800584838,-0.9030138160923804,6.19644412779452,0,0,27.09041448277141,0,1.1418082896554282,2
user_000884,15699,2009-05-03 00:00:00+00:00,139,evening,67.37768240343348,1,233,467,0,0,1,4738,,m,Poland,1.0,0.0,0.0,140.0,30,music,music,1,1,0,0,0,free,,1,1,1,20.155716958292068,-1.0,6.148468295917647,0,0,30.0,0,1.2,2
user_000885,33307,2009-05-22 00:00:00+00:00,259,afternoon,97.38888888888889,1,342,448,0,0,1,3016,,m,United States,1.0,0.0,0.0,140.0,30,music,music,1,1,0,0,0,free,,0,1,1,30.366245978718137,-1.0,6.1070228877422545,0,0,30.0,0,1.2,1
user_000886,8494,2009-04-25 00:00:00+00:00,121,evening,17.659043659043657,1,481,475,0,0,1,3528,,m,Finland,0.9052366022564018,0.0,0.0,84.86983334466493,30,music,music,1,1,0,0,0,free,,1,1,1,3.1485716226243636,-0.9052366022564018,6.16541785423142,0,0,27.157098067692054,0,1.143141961353841,2
user_000887,8286,2009-05-20 00:00:00+00:00,463,night,23.473087818696882,1,353,450,0,0,1,5529,,f,United States,0.9648253971105822,0.0,0.0,100.1634598797776,30,music,music,1,1,0,0,0,free,,1,1,1,5.213183348076589,-0.9648253971105822,6.111467339502679,0,0,28.944761913317468,0,1.1788952382663493,3
user_000888,11676,2009-05-10 00:00:00+00:00,357,afternoon,42.45818181818182,1,275,460,0,0,1,6453,,m,Norway,1.0,0.0,0.0,140.0,30,music,music,1,1,0,0,0,free,,0,1,1,12.894024847170185,-1.0,6.133398042996649,0,0,30.0,0,1.2,1
user_000891,10704,2009-05-03 00:00:00+00:00,569,afternoon,21.365269461077844,1,501,467,3,1,4,29318,,f,Italy,1.0,0.0,0.6,97.00359281437126,30,music,music,1,1,1,1,0,free,,0,1,1,4.428435681990847,-1.0,6.148468295917647,0,0,30.0,1,1.2,1
user_000893,23202,2009-04-28 00:00:00+00:00,452,night,34.99547511312217,1,663,472,0,0,1,2831,,m,United States,0.9971534656934815,0.0,0.0,126.870490807995,30,music,music,1,1,0,0,0,free,,1,1,1,9.386666181101022,-0.9971534656934815,6.159095388491933,0,0,29.914603970804446,0,1.198292079416089,3
user_000894,15077,2009-05-02 00:00:00+00:00,1115,night,85.66477272727273,1,176,468,3,0,1,10690,,m,Colombia,1.0,0.0,0.6,140.0,30,music,music,1,1,0,0,0,free,,1,1,1,25.57157394843962,-1.0,6.150602768446279,0,0,30.0,1,1.2,3
user_000896,12454,2007-01-02 00:00:00+00:00,1075,evening,25.520491803278688,1,488,1319,0,0,1,8076,,m,United States,0.9979456195689984,0.0,0.0,106.05879798911104,30,music,music,1,1,0,0,0,free,,1,1,1,2.0505096096565896,-0.9979456195689984,7.1853870155804165,0,0,29.938368587069952,0,1.198767371741399,2
user_000898,12327,2009-04-11 00:00:00+00:00,1849,evening,26.396145610278374,1,467,489,0,0,1,1839,,m,United States,0.921840520444837,0.0,0.0,104.78882220129559,30,music,music,1,1,0,0,0,free,,1,1,1,5.644940835010142,-0.921840520444837,6.194405391104672,0,0,27.65521561334511,0,1.1531043122669022,2
user_000900,4896,2009-04-30 00:00:00+00:00,740,evening,31.792207792207794,1,154,470,3,0,1,7235,,f,Poland,1.0,0.0,0.6,119.94285714285715,30,music,music,1,1,0,0,0,free,,1,1,1,8.096068444749065,-1.0,6.154858094016418,0,0,30.0,1,1.2,2
user_000902,8086,2009-02-05 00:00:00+00:00,235,evening,24.652439024390244,1,328,554,3,0,1,11546,,f,,1.0,0.0,0.6,104.23536585365855,30,music,music,1,1,0,0,0,free,,1,1,1,4.630010812418606,-1.0,6.318968113746434,0,0,30.0,1,1.2,2
user_000905,18186,2009-06-10 00:00:00+00:00,390,night,37.8875,1,480,429,3,1,2,7302,,m,Brazil,1.0,0.0,0.6,133.35250000000002,30,music,music,1,1,0,0,0,free,,1,1,1,11.749750799418607,-1.0,6.063785208687608,0,0,30.0,1,1.2,3
user_000908,1150,2009-05-01 00:00:00+00:00,238,afternoon,22.54901960784314,1,51,469,3,1,4,39932,,m,Germany,1.0,0.0,0.6,99.60784313725492,30,music,music,1,1,1,1,0,free,,0,1,1,4.778849378716861,-1.0,6.152732694704104,0,0,30.0,1,1.2,1
user_000909,31698,2007-03-28 00:00:00+00:00,359,afternoon,150.94285714285715,1,210,1234,0,0,1,5822,,m,Sweden,1.0,0.0,0.0,140.0,30,music,music,1,1,0,0,0,free,,0,1,1,17.110931174089067,-1.0,7.118826249062078,0,0,30.0,0,1.2,1
user_000911,600,2009-04-29 00:00:00+00:00,51,night,18.181818181818183,1,33,471,0,0,1,7480,,m,United States,0.9496976054438914,0.0,0.0,87.88729942864344,30,music,music,1,1,0,0,0,free,,1,1,1,3.3854891921665424,-0.9496976054438914,6.156978985585555,0,0,28.49092816331674,0,1.169818563266335,3
user_000913,10477,2009-05-03 00:00:00+00:00,865,evening,51.3578431372549,1,204,467,0,0,1,1118,,m,United States,1.0,0.0,0.0,140.0,30,music,music,1,1,0,0,0,free,,1,1,1,15.363457348751465,-1.0,6.148468295917647,0,0,30.0,0,1.2,2
user_000914,26584,2007-12-25 00:00:00+00:00,611,evening,41.40809968847352,1,642,962,0,0,1,1521,,,United States,1.0,0.0,0.0,140.0,30,music,music,1,1,0,0,0,free,,1,1,1,6.019869113589089,-1.0,6.870053411798126,0,0,30.0,0,1.2,2
user_000916,234,2009-02-10 00:00:00+00:00,143,afternoon,18.0,1,13,549,3,0,2,13834,,f,Trinidad and Tobago,0.9824226290721565,0.0,0.6,88.86175042103056,30,music,music,1,1,1,0,0,free,,0,1,1,2.9082027410519093,-0.9824226290721565,6.309918278226516,0,0,29.472678872164696,1,1.189453577443294,1
user_000919,3874,2009-04-17 00:00:00+00:00,672,evening,37.25,1,104,483,0,0,1,2300,,m,United States,0.9992604499519451,0.0,0.0,131.9189388979817,30,music,music,1,1,0,0,0,free,,1,1,1,10.152852218904583,-0.9992604499519451,6.182084906716632,0,0,29.97781349855835,0,1.199556269971167,2
user_000920,11021,2006-11-04 00:00:00+00:00,276,night,37.233108108108105,1,296,1378,0,0,1,4164,,f,United States,1.0,0.0,0.0,131.91283783783786,30,music,music,1,1,0,0,0,free,,1,1,1,3.5616569630627635,-1.0,7.229113877793302,0,0,30.0,0,1.2,3
user_000925,10352,2009-04-28 00:00:00+00:00,613,afternoon,16.723747980613894,1,619,472,0,0,1,1243,,f,Norway,0.8422772879151352,0.03772271208486477,0.0,80.16789164978624,30,music,music,1,1,0,0,0,free,,0,1,1,2.8344769896156157,-0.8045545758302705,6.391433170535233,0,0,25.26831863745406,0,1.105366372749081,1
user_000929,16081,2009-05-27 00:00:00+00:00,1426,evening,38.47129186602871,1,418,443,0,0,1,2760,,m,Turkey,1.0,0.0,0.0,134.63684210526316,30,music,music,1,1,0,0,0,free,,1,1,1,11.665885694936941,-1.0,6.095824562432225,0,0,30.0,0,1.2,2
user_000930,14582,2009-05-04 00:00:00+00:00,370,evening,57.1843137254902,1,255,466,0,0,1,5802,,f,,1.0,0.0,0.0,140.0,30,music,music,1,1,0,0,0,free,,1,1,1,17.143049082588067,-1.0,6.1463292576688975,0,0,30.0,0,1.2,2
